time,COPx,COPy
0.0,0.6086991336570873,2.3860591320835223
0.01,0.5979201687158013,2.1198172868553486
0.02,0.31411888403896226,2.1728707691000273
0.03,0.29177699712114813,2.550159404184439
0.04,0.48838306169720846,2.628306994807134
0.05,1.4267676383480676,2.3783896606084176
0.06,0.7726895675613216,4.644923945431661
0.07,1.427703620206025,3.2236654391669917
0.08,2.029917416224834,2.9551893929912576
0.09,1.981176084434064,4.549697260378949
0.1,1.8716448914176447,3.3350646598412026
0.11,2.032898213160061,4.4592324114475135
0.12,2.5738947393288516,4.149049449270401
0.13,2.38961580420803,4.291990491381741
0.14,3.1212575963833626,3.2264277007153987
0.15,1.734763797438254,4.197012836035229
0.16,3.2535322822776753,2.9140760962980186
0.17,2.392859454623813,3.3585042541672743
0.18,4.308281994185332,3.5840062749588464
0.19,3.516329075367737,3.7212166073507187
0.2,2.809832291308944,4.097086410878115
0.21,2.3146132241919664,3.349725280057197
0.22,3.6971628262482965,3.136855473767748
0.23,2.8635884360759394,3.1009776885876517
0.24,2.8048096774539166,3.26021781340665
0.25,3.8290182342746744,2.0741873429363875
0.26,2.4481628905534345,3.0296878379085013
0.27,2.940899212740754,2.113920807182862
0.28,2.738255640985732,2.3747599779742137
0.29,3.3151096541098437,2.17512306835617
0.3,2.2149415024698933,1.7507727746575459
0.31,2.519630425458704,1.897856146353033
0.32,3.9812625755879076,2.180295531516823
0.33,3.3454976466949216,2.274479920075778
0.34,3.337872453903134,2.251680472834058
0.35000000000000003,3.6008536332328833,1.039653791075967
0.36,2.5366117318115635,1.1145951333644668
0.37,2.958960429179051,1.4758102352309708
0.38,3.2602308940950815,1.756905365580531
0.39,2.517045678838724,1.4637484217045371
0.4,2.797823088536355,0.9931390054390651
0.41000000000000003,3.637397063421651,1.9500774590313492
0.42,2.6895126495071238,1.8567186233063029
0.43,1.8417332071417336,2.240555443132605
0.44,1.4785249795240578,1.5806358544034858
0.45,2.3234022642310372,2.4142694790917423
0.46,2.0559509058044823,2.5297986440938867
0.47000000000000003,2.630166026345769,3.1911707446629896
0.48,1.3104642330400131,2.8425220598565306
0.49,2.503964106422445,2.9743124628027573
0.5,1.4976100724312977,2.985897627650497
0.51,1.33640677219489,2.8895976095279363
0.52,0.8957815810709413,3.412262327724927
0.53,2.156268684039867,4.003314576992632
0.54,2.7660577354069233,4.055044162624943
0.55,1.6823714941629704,4.181689735175828
0.56,1.7911935876029266,4.290212354829159
0.5700000000000001,1.2903828519963605,4.7372564728400075
0.58,1.911275743793951,5.0936177187703695
0.59,1.1163426633878724,5.90554952411415
0.6,1.9152046020419866,5.405430564229064
0.61,1.7872858975925758,5.3979920203625795
0.62,1.5529309039874217,6.0041811635101245
0.63,1.34593588393265,4.936931183841466
0.64,2.4803679208242024,4.796157774587111
0.65,1.4960234230731346,4.2400379545638485
0.66,2.236948702391161,5.177455519284301
0.67,1.4056020101719944,4.722595393846714
0.68,2.247322614738446,4.363452044255206
0.6900000000000001,2.2755968517017293,4.349676962125006
0.7000000000000001,2.183411882806283,4.501684845127796
0.71,1.8978236925652918,4.809358729156168
0.72,2.7981526600168185,4.623871523748094
0.73,3.3213358524001237,3.977800314437221
0.74,1.7002884270291763,4.446562914580705
0.75,3.2167269508540333,3.9109519017326777
0.76,3.1138699731321458,4.355625376323191
0.77,3.6500778632318096,3.394157591046923
0.78,3.04992251122215,2.6573116030242594
0.79,3.581899694385951,2.5498035582052627
0.8,3.1431476164753156,2.7463467349691113
0.81,3.2656097314935613,2.5459563283556075
0.8200000000000001,4.619228846833929,2.876027419730339
0.8300000000000001,4.476802826808882,3.1409054778403602
0.84,4.071918810854708,2.973395978599472
0.85,4.675676987246764,2.180742700635652
0.86,4.949829049127732,2.4886001221334175
0.87,4.455636277027202,2.6842522093277674
0.88,4.48586751472879,2.800279130539478
0.89,5.575819634951857,2.5317235545450414
0.9,5.214962764624848,2.3254957638904368
0.91,5.7128781161739886,3.173498379136239
0.92,5.784404190747442,3.0869755252961495
0.93,5.856155388667414,3.5840680260610545
0.9400000000000001,5.972281778963412,3.144075379934145
0.9500000000000001,5.664441620153002,2.998714143885237
0.96,7.827674575176092,3.0746072304656904
0.97,6.830448836083628,3.649888110094153
0.98,6.232296188820924,3.5482475864593415
0.99,6.632152778209659,3.637213278340064
1.0,6.033517710704614,4.203793261574148
1.01,6.623463535886355,4.0752368052273855
1.02,7.154739446575931,5.0311483585846215
1.03,7.1537584356291175,4.620842230066442
1.04,6.994853392347994,3.7245787958388212
1.05,7.058433811982564,4.973330842596395
1.06,6.466693224700256,4.94367403900942
1.07,7.1011001552665665,4.485413604159358
1.08,6.417232714729822,5.030446661196809
1.09,6.05715803580347,5.6338813795103455
1.1,6.43074267197706,4.924338605956977
1.11,7.104246330224825,6.261387044055162
1.12,6.467143595427597,5.612135118618332
1.1300000000000001,6.32809076696635,6.107750203906914
1.1400000000000001,6.779415727823906,4.8783816684795624
1.1500000000000001,6.57936540506051,6.236240266923152
1.16,6.366828271368176,6.053556869506801
1.17,6.162139453927644,5.32475737691943
1.18,5.704292293658506,5.721746116465487
1.19,5.412079535084531,4.729606872398437
1.2,5.943633935788625,4.56387936150509
1.21,5.487676374309132,4.862622604894402
1.22,5.401303957858657,4.649655418343014
1.23,4.625790358000425,3.942116445897897
1.24,4.878788951324684,4.655281529037323
1.25,4.751417356226817,4.2335988558255435
1.26,5.132981859606062,4.088374990149976
1.27,5.055818915986609,3.6736192528550697
1.28,4.510534272059725,3.466922599290114
1.29,4.347270558479059,3.188642435897571
1.3,4.04972563732488,3.884813835079851
1.31,3.4564068144444393,2.382531103431166
1.32,3.373945880936903,3.3446365383175642
1.33,4.217536130252898,2.628615310918839
1.34,4.340927308853814,3.33999021383286
1.35,3.194621817323769,1.3512977390306404
1.36,3.189204755856326,1.5598158989765545
1.37,2.9143642311705302,1.6329988325111657
1.3800000000000001,3.441596394099616,2.1652676584351203
1.3900000000000001,3.2203919647001227,2.62545991806544
1.4000000000000001,3.0684495298912364,2.203443437010658
1.41,3.0129996805272254,3.195347097988793
1.42,3.3254396803659962,2.2299488683249318
1.43,3.1073243559596837,2.4106482173549213
1.44,3.176194258728159,2.91347351605073
1.45,2.391270100454791,3.1860812849408355
1.46,2.871334160196362,3.424915412286646
1.47,3.4946500655183734,3.214531448754493
1.48,2.9948838900654016,3.2034955791908404
1.49,2.5151033042558772,2.941030487864724
1.5,2.95786624269606,3.370230383021685
1.51,2.608694576527576,4.227657604336397
1.52,3.7042428540787555,4.772443381702719
1.53,3.166854679076973,4.208493696053483
1.54,3.026138907827954,3.8790934462111
1.55,2.520514076631185,4.851553580609595
1.56,2.8420983869241443,4.384254182888917
1.57,3.3451659150333124,4.93931948891604
1.58,2.4605866350326417,5.0614189764653545
1.59,4.150617243383366,5.543172070419949
1.6,3.310178280953559,4.850181217253548
1.61,3.424230518321428,4.70821427852134
1.62,4.571614620353622,5.131683582193575
1.6300000000000001,3.5981158847197787,5.943043892278414
1.6400000000000001,3.7685497476925844,4.386141663392751
1.6500000000000001,4.103066756430513,4.649986482885116
1.6600000000000001,4.629834952875157,4.6933077798589835
1.67,4.90613246942317,5.008752109126661
1.68,3.7473635573242072,4.696551265349188
1.69,3.9212003816915844,3.1732608090857366
1.7,4.682007280986867,4.814982341455733
1.71,4.5987924653146655,4.230046252196814
1.72,5.17030944669368,3.7979960538411737
1.73,5.340044402795477,2.665500861224473
1.74,4.540228679381002,3.828234966545664
1.75,4.266458594179213,2.7341024255852258
1.76,5.241250250895766,3.9516526682052744
1.77,5.276546645052304,2.742193333310484
1.78,4.654684424038839,2.4751983294095026
1.79,5.054956496098609,1.8931733089040266
1.8,5.923583348870107,2.3448841511780554
1.81,5.997411663093567,2.6489534348737407
1.82,5.16892602546295,1.682018947877785
1.83,5.724177787923899,0.21517456747628705
1.84,6.193641899089883,2.2560037902760466
1.85,6.073426596980473,0.6775678908238902
1.86,5.863120809105505,1.5586804658223328
1.87,5.888641394639746,0.992969710908912
1.8800000000000001,6.222886018250675,0.8051679384220805
1.8900000000000001,5.471885298237379,1.129759062334711
1.9000000000000001,4.700028504247085,2.1571046785473875
1.9100000000000001,5.703395824499042,1.214182311954222
1.92,5.484612555447676,2.9163167593910195
1.93,6.259885457416916,0.2809280432117063
1.94,4.637526064710254,1.354766023054268
1.95,5.205318903906677,2.1384856406243347
1.96,4.653125589740195,2.4591510808077635
1.97,4.044517820028348,2.781895165610892
1.98,4.516237131353595,2.3760063207953346
1.99,4.224694545525506,2.5090472324781277
2.0,3.5668364091353078,2.896343015355819
2.0100000000000002,3.934679829767277,2.9334597004982563
2.02,3.946503342822293,3.6696003768467467
2.0300000000000002,3.1919788834548792,2.7549059784467635
2.04,3.203590043951486,2.194713046772721
2.05,3.5571930747303573,3.023459305284314
2.06,2.258628825464589,2.54062528584715
2.07,2.7838632032893997,3.899231541022197
2.08,2.7141183416837347,3.2472989069841285
2.09,2.135820981546134,3.5521715451880542
2.1,1.7802229387993225,4.128142770967618
2.11,1.7064294308081953,3.8654253256316653
2.12,2.2315047329839373,4.590587053098815
2.13,2.1146106182868323,3.8415873276718457
2.14,1.3443164123997422,3.441186044003772
2.15,1.264768727525373,3.413759626397622
2.16,0.5273940395202396,3.808748206901808
2.17,1.2140447017832396,3.5929329114750757
2.18,0.5764592212284826,3.82976164212191
2.19,0.5381271437483246,4.070950622355057
2.2,-0.4010709636124996,3.7553587502343895
2.21,-0.6008953721716199,2.650006557784129
2.22,0.07528963768994534,3.0778063348963967
2.23,-0.7312569745857985,2.141145804745888
2.24,-0.1400221537405843,2.363054211001356
2.25,-0.453537969758882,2.218397234440518
2.2600000000000002,-0.4324680784106716,1.7714748551566062
2.27,-0.7754851982060398,1.363642633381305
2.2800000000000002,-1.0546977320397333,0.9094748591284743
2.29,-1.0614699214236507,1.5170615684831725
2.3000000000000003,-0.22517569058790154,1.4189798379607046
2.31,-0.3173705192846439,0.8873322193800005
2.32,-1.1026190978207424,0.1488763040475063
2.33,-1.774920018921505,0.3436378489329463
2.34,-0.6628916948617471,1.0685070197503443
2.35,-1.4199057534323072,0.6387063478180974
2.36,-0.9749468360254748,0.056426627405244456
2.37,-0.5567732832294663,0.400211728805346
2.38,-0.8074573759604406,-0.008021967024707838
2.39,-0.8445888189498628,0.10464765822313654
2.4,-1.6603861411666996,0.5338541680291349
2.41,-0.26300438218932926,-0.2617742483821932
2.42,-1.0671753172361054,0.3765706771443109
2.43,-1.112109150743903,0.3464108867147405
2.44,-1.1337581377559816,0.611248193368966
2.45,-1.3917071476095266,0.736685001440226
2.46,-0.6503883307257539,0.9965080810973372
2.47,-0.2285177276952126,0.5933523833565478
2.48,-0.31708022035584443,1.3708771131346427
2.49,-1.043932500087433,1.9749938036331884
2.5,0.679238469590989,0.7473713605740062
2.5100000000000002,0.003052367008312018,1.1165533802810519
2.52,0.4670492521648848,0.5497082243697311
2.5300000000000002,-0.1060908454542957,1.372600611028122
2.54,0.3382056580218578,0.9356463454568414
2.5500000000000003,0.566963850733941,1.6890804540384996
2.56,0.28158386012596404,1.6514649457756254
2.57,0.4079029583396177,1.6622854128911277
2.58,0.24276177096251356,1.8675870833845987
2.59,1.5697336109125968,2.206715895638526
2.6,0.6550373377828204,1.9072237452578378
2.61,1.558719841264269,1.9325499328010711
2.62,0.7887859455029119,2.4409771124325674
2.63,0.9752755057105142,3.7402570717178794
2.64,1.8319037743756297,1.6305729696049953
2.65,0.0360140741735796,1.418340967425329
2.66,0.2690179058808513,1.9623197764944407
2.67,0.9423534547366492,1.0376401341226358
2.68,-0.006329744084614841,0.9552437961685708
2.69,0.431004909205133,1.3890970933023175
2.7,0.5213777791195902,1.3371316413518117
2.71,1.7267962159953287,1.901007084121808
2.72,0.5221410277413429,1.7067280424904783
2.73,0.4578595779701211,1.515808909564119
2.74,-0.499445719922903,0.5382948810481655
2.75,0.42710860368823617,0.4947938795394554
2.7600000000000002,0.32805156811303193,0.7270810720079339
2.77,-0.5011395314100348,-0.6065032456898607
2.7800000000000002,-0.5146401911922662,-0.5633978758425633
2.79,-0.7916331375703329,-0.7086130990681998
2.8000000000000003,0.15611621024122163,-1.2098411171185632
2.81,-0.025051230620595222,-1.1531095365194024
2.82,-0.47266495570377415,-1.6670469455315768
2.83,-0.4332477709370816,-2.321323096754209
2.84,-1.0491771681206705,-1.7729992140812874
2.85,-0.6897214059541348,-1.1128908749146282
2.86,-0.8166113000155436,-0.8261602545968422
2.87,-1.7454993703622572,-1.207176926690975
2.88,-1.4024216681658457,-1.1570997605016502
2.89,-3.1210773746955556,-1.7676353850215987
2.9,-2.5477857720255916,-1.7020795744309
2.91,-1.701260275232794,-2.3945058172677562
2.92,-3.172544732328703,-1.984502825128393
2.93,-2.2533854964159863,-0.21048727388024768
2.94,-3.8315111506899044,-1.7318869479981671
2.95,-2.6141320530152057,-2.1548335390456512
2.96,-2.268215612401946,-1.6284839072351014
2.97,-3.5289769645265205,-1.3649447157834573
2.98,-3.4183620074286436,-1.0725507153373282
2.99,-4.344648678644891,-1.748375240840792
3.0,-4.532682644557682,-1.5798682259854915
3.0100000000000002,-5.568328400974595,-0.3206229982304907
3.02,-4.694116764703129,-0.5746803826326605
3.0300000000000002,-4.499553880745177,-0.06850264287933044
3.04,-5.2270686252277985,0.4894664215057909
3.0500000000000003,-5.082056332940155,-0.5346983322726699
3.06,-4.789159546352861,0.15892890963326242
3.0700000000000003,-4.97856188108146,-0.7145212846120194
3.08,-5.314850522371919,0.6765739692691
3.09,-5.396725405939164,0.746681410009919
3.1,-6.5949364212473585,-0.7292264184494355
3.11,-6.519882747543522,-0.21203268632674677
3.12,-5.880359548595799,0.38867326781258305
3.13,-5.057879871698489,-0.30650055137931
3.14,-5.354714234472453,-0.9414738245795828
3.15,-5.814585434465418,0.4230418750772213
3.16,-5.223919652223781,0.12539179916790422
3.17,-6.49135976145517,0.1112250333782546
3.18,-5.432672611234106,-0.9318111046973746
3.19,-4.818205755592233,-0.5228926926743387
3.2,-5.522947408361127,-0.29470583140541773
3.21,-5.045231422019341,-0.9666056810375034
3.22,-5.763616812499147,-0.4092243156300984
3.23,-5.421544923968453,-1.5013805612543845
3.24,-5.943792204480248,-0.6428778900257645
3.25,-5.768149773934644,-1.0771397089744315
3.2600000000000002,-5.680263161085609,-2.01149139235944
3.27,-4.87932750684146,-2.1045728204709895
3.2800000000000002,-5.377298442669787,-2.2723974222895413
3.29,-4.729290089198724,-3.086881937309144
3.3000000000000003,-4.90029791809098,-2.6087504510803194
3.31,-4.083646630275574,-3.225548577617863
3.3200000000000003,-4.373489300966318,-1.9950670373319452
3.33,-4.508204746219605,-3.504413847069038
3.34,-4.673050006059274,-3.66507425697803
3.35,-4.642085676912033,-4.2585415591581555
3.36,-4.216897777337124,-2.622575983100218
3.37,-4.261204957384319,-3.977050913675565
3.38,-3.3785653167164114,-2.996992076166484
3.39,-3.7190777238088097,-3.851030237303097
3.4,-4.284240820722257,-3.7071187368386127
3.41,-3.254911133917858,-3.947049129853849
3.42,-3.821410215195127,-3.3158742092907953
3.43,-4.140595822701555,-3.1203032960136907
3.44,-3.5642918524841156,-3.6650373449639835
3.45,-3.570835452904388,-3.2276836502540878
3.46,-2.3721082401851428,-3.433264812434582
3.47,-3.1106839987589305,-3.4742667813468477
3.48,-2.8969928171203123,-3.159832292757254
3.49,-3.254549289440141,-2.4936124039514738
3.5,-2.367161487554587,-2.7213571504364134
3.5100000000000002,-2.749095035687183,-2.4679739467775357
3.52,-3.0862385417006797,-2.4867052628371553
3.5300000000000002,-2.8597514694970876,-2.344553135159042
3.54,-2.4698720249386263,-1.2799198234866525
3.5500000000000003,-3.5156339544219275,-1.201688161250376
3.56,-3.3439162915358036,-1.6335214403054825
3.5700000000000003,-3.3986668423018513,-1.797167692412145
3.58,-3.67623355622155,-1.568769922111577
3.59,-2.486157202375022,-0.8662908539157632
3.6,-3.8737388893371287,-1.141992119471559
3.61,-3.395269282636614,-1.4649148732901476
3.62,-4.118296686045666,-0.6523486321332765
3.63,-3.1113445126550126,-1.7513537568511532
3.64,-3.681393643370043,-2.176463310739292
3.65,-2.210584788882902,-2.3336363744601556
3.66,-4.560668544138433,-1.8497627903165266
3.67,-3.7897507045055376,-1.6486223148351267
3.68,-4.316383384827839,-2.323643443661228
3.69,-4.08420004658316,-2.3617477055552536
3.7,-4.8641470283200245,-2.1027725810520668
3.71,-4.156602859932798,-1.9877884672456507
3.72,-4.596296332676429,-1.8669046377115768
3.73,-4.059748908481143,-3.299425743823413
3.74,-4.33240887232474,-3.197110817181991
3.75,-4.324835683043991,-2.8185687522009975
3.7600000000000002,-5.605256876128305,-3.2086461424560753
3.77,-5.077222107943572,-3.3825480436859774
3.7800000000000002,-5.869919451718555,-5.042466168532417
3.79,-5.581537615845582,-3.341679756873065
3.8000000000000003,-6.2556519490183575,-4.319509421566402
3.81,-5.54055815854109,-4.574802932497864
3.8200000000000003,-5.85302350238712,-4.366797052727243
3.83,-6.406771162597988,-4.695190760118016
3.84,-5.939184347525492,-4.301325401521163
3.85,-5.852426740739793,-5.762506914631824
3.86,-6.734241785487316,-5.287524784993821
3.87,-4.952003148445907,-5.4222059434759196
3.88,-5.716557027899416,-4.100124660820298
3.89,-6.843573649500927,-5.021563110438031
3.9,-6.623837035128169,-4.275208893369865
3.91,-7.962521237296808,-4.62688853632498
3.92,-6.011456154839866,-4.23915324893171
3.93,-6.742973497988344,-4.762244863547983
3.94,-7.535301282531675,-4.598738213760372
3.95,-7.374810078835706,-5.683985381846022
3.96,-7.4453677346878395,-4.388424066793018
3.97,-6.998239030052022,-3.012025825040417
3.98,-6.748996405103562,-3.8266163033744096
3.99,-6.744420184237981,-4.128477945210062
4.0,-7.191379456467987,-3.5295617047762184
4.01,-6.542446404301374,-3.900670349662666
4.0200000000000005,-6.025463760261845,-3.4846152015028182
4.03,-6.654691415802372,-2.5487001080434237
4.04,-7.067853609927076,-3.1545620070577662
4.05,-6.2525206273858585,-3.0223819345203373
4.0600000000000005,-5.440858459104715,-2.635981714283179
4.07,-5.909752524046321,-3.049546651400166
4.08,-6.292409157806051,-1.9719768197038439
4.09,-6.693848685534072,-2.6339890371618924
4.1,-5.330590900460696,-1.8522695329975662
4.11,-5.518195730870607,-3.0406949941660555
4.12,-5.641854681097293,-2.4672545131661026
4.13,-5.451812545145848,-1.6869131341194197
4.14,-4.386310889833332,-2.8143719972241343
4.15,-4.688922597012403,-2.7321470279082822
4.16,-4.731173865047027,-2.27148530034898
4.17,-3.698845476940199,-2.8541606071525347
4.18,-3.871489334422478,-3.289586121060724
4.19,-2.9977178902873622,-3.2155751513481747
4.2,-3.5247734414898386,-3.0365679382581665
4.21,-3.832065262624703,-3.133376746916225
4.22,-4.066247049081998,-3.3902770569246585
4.23,-1.3220277677118337,-3.955006623953647
4.24,-3.0618085078476356,-3.2938795210580225
4.25,-2.678871771585454,-3.9708889074115477
4.26,-1.6357031492746026,-3.9952982707337545
4.2700000000000005,-2.8894295007890713,-3.9599698045397114
4.28,-3.219056471579228,-4.047721531649406
4.29,-2.3228241291897347,-5.115010258082332
4.3,-1.8690591005147248,-4.788239083174493
4.3100000000000005,-1.884365879876975,-5.450012924779493
4.32,-2.65926122390782,-5.5469105737300275
4.33,-0.6824966824476617,-4.551623045983482
4.34,-1.833945372967089,-6.478826012243357
4.3500000000000005,-1.6087751667921548,-4.2119191732698615
4.36,-1.5161217367703559,-5.690320998380579
4.37,-1.3554531204732911,-5.923242131089128
4.38,-2.191464826868261,-4.700678683072656
4.39,-1.363266274837192,-5.114572982467157
4.4,-1.6587455966672264,-5.4779823273881885
4.41,-1.0183819535911458,-4.477147889882972
4.42,-1.733545444521512,-5.742731447316219
4.43,-2.440200983965486,-4.571308787047765
4.44,-2.3183284835064613,-5.108490022803186
4.45,-1.9571323419377444,-5.416641300257406
4.46,-1.8189130763126862,-4.897290044968605
4.47,-1.4782478493889868,-5.27419757004062
4.48,-2.0637620612302987,-4.955634325000504
4.49,-1.7046409246671856,-4.585015168728993
4.5,-2.7627785465000727,-4.32978851854978
4.51,-2.104632800495978,-3.531988776395749
4.5200000000000005,-2.446448639163468,-3.555070625185258
4.53,-1.1172151847721894,-3.9712407760925896
4.54,-1.1654586446065616,-3.32568697820356
4.55,-1.9752665522135398,-2.8023456739740347
4.5600000000000005,-3.110575039068771,-3.731899775810314
4.57,-3.0645563456153218,-3.050834145538184
4.58,-3.1577739543742425,-2.981296511488436
4.59,-3.204128791654496,-3.701937373326471
4.6000000000000005,-1.6508376536729712,-2.9307687826070805
4.61,-3.0674126776986905,-2.538946854950429
4.62,-4.010268922867174,-1.6592315307007501
4.63,-3.2166058833794997,-2.193240179313671
4.64,-2.712638192309054,-2.2843459520404745
4.65,-2.911386563018128,-1.4912089804038442
4.66,-2.9180465326989786,-2.637909301661212
4.67,-3.7260227041182996,-2.9441604060544724
4.68,-4.619334516194664,-2.7275804758849835
4.69,-3.3689546697202815,-2.738785184873153
4.7,-3.661322371839911,-2.7009366976337796
4.71,-2.7666690737007062,-2.8002103722576486
4.72,-3.3723976220288225,-1.8380215802867006
4.73,-4.130188942290811,-3.2002062895448886
4.74,-2.9799501957670653,-4.579063032864665
4.75,-3.50826858504891,-3.793956558378301
4.76,-3.225357721397784,-4.011833007137945
4.7700000000000005,-2.672149809151334,-3.9867122151176755
4.78,-2.9571565337217365,-3.6870530652282065
4.79,-2.144180612516563,-4.487435321647893
4.8,-3.3661896280728394,-5.232737156605977
4.8100000000000005,-3.491575824871169,-5.206447327653679
4.82,-2.874912093790118,-4.5738705961067385
4.83,-3.0396044488445457,-5.620232841717247
4.84,-2.2831193353534145,-5.482956774846188
4.8500000000000005,-2.6294906380891367,-5.475662219676735
4.86,-1.4290283785381437,-4.066754698776272
4.87,-2.4680907814630824,-6.021348148376951
4.88,-3.547069039463099,-5.572834830561568
4.89,-1.5998425228913842,-4.9004181210158535
4.9,-1.6324799024559766,-4.4433114294106915
4.91,-2.188609647314731,-5.146617564784305
4.92,-0.9672014455042323,-6.153242789174218
4.93,-1.2824241951584878,-5.35608383731055
4.94,-1.2838697470533955,-4.441337038540909
4.95,-1.4167791240229226,-4.351394900462469
4.96,-0.5562317916487273,-4.315030398447148
4.97,-0.42682077623600057,-4.3256868813775196
4.98,-0.26326918788411147,-3.3506038929632505
4.99,-0.17574988047819035,-3.92182969667226
5.0,-0.12141859327604602,-3.203462363922949
5.01,0.4451390771910897,-2.6074032571308843
5.0200000000000005,0.4051398615530863,-3.0436217759907236
5.03,-0.23856408123670525,-3.9519632166790863
5.04,0.7572579409411331,-2.882824157252112
5.05,1.4181901909739334,-1.9915765208554055
5.0600000000000005,0.583241086260593,-2.3202038390433346
5.07,1.4467591314634063,-2.4272268753723187
5.08,0.7505086142891157,-2.023179234299864
5.09,1.5457068904305316,-2.0025856171469854
5.1000000000000005,2.6013861949791472,-2.1797906192198724
5.11,1.8903526511696005,-1.6671316970974273
5.12,1.0846606166539485,-1.5462723784332293
5.13,2.3141322190241875,-1.6922378863240708
5.14,1.4885320048922464,-1.5675692790743523
5.15,3.43067334128567,-2.12233757379465
5.16,3.7201290809002967,-1.5737184801659736
5.17,3.516513278146234,-1.642102961110703
5.18,3.340302144865369,-1.1185635360279242
5.19,3.4649743781091407,-2.8107050478594893
5.2,3.370578775509377,-1.6398237921675087
5.21,3.5519328655051323,-2.068088695881529
5.22,3.054652077002893,-2.253106823336486
5.23,2.6826228648786827,-2.8018444987715685
5.24,3.205588285514061,-2.995412939786289
5.25,3.6540146478900537,-3.251710847759112
5.26,3.868221471112144,-3.046843461043829
5.2700000000000005,4.2941108428200225,-2.7552119216413358
5.28,2.8317272825618636,-3.2386565677693673
5.29,3.15532710438807,-3.6084424589264694
5.3,3.81259367336969,-3.8166362227485133
5.3100000000000005,3.4535465588461105,-3.5029605977615472
5.32,3.567126027377428,-4.051082133865864
5.33,2.8142476859074588,-4.259152607859328
5.34,3.0750638726832924,-4.975759548900981
5.3500000000000005,2.488248092603299,-4.456608464092682
5.36,2.1507525681138917,-3.637700555099707
5.37,2.556425815867466,-4.205248239080228
5.38,3.4821118501783843,-4.184910796193654
5.39,4.092344971136138,-3.8804891451682533
5.4,2.5620201379004923,-4.160244377379928
5.41,2.2273891950955758,-4.774303650623767
5.42,2.5939982414746257,-3.6710005208648533
5.43,2.2140726328224933,-3.3226331389114208
5.44,2.703848228681155,-3.5451598113284497
5.45,2.2465919817045346,-2.9550412418675043
5.46,1.9252580260153471,-3.133843718028098
5.47,2.565289699874642,-2.4843182441383735
5.48,2.5655392252235774,-3.17305201563069
5.49,2.072906156756996,-2.4537659549644357
5.5,2.379421802892807,-1.4818342922097145
5.51,1.4730484488743376,-1.4887870060580541
5.5200000000000005,1.3174676414959188,-1.4819114198025802
5.53,1.5816492533221467,-1.191717183368365
5.54,0.4287270168878239,-2.2540772506504814
5.55,1.836178664097893,-1.321408742302982
5.5600000000000005,1.7834652245050602,-1.316367675773338
5.57,0.7921126707761484,-0.8517577337883572
5.58,1.6674838618588208,-0.5634190376710682
5.59,1.38313793301717,-0.6792739365020599
5.6000000000000005,2.193972650553694,-0.6207313959217658
5.61,1.3725981842744797,-0.5511567018662131
5.62,1.008981671594844,-0.7938048129529756
5.63,1.3377028701740685,0.0022637255526187228
5.64,1.9898651607998414,-0.01951789454189079
5.65,1.9661771321484651,0.10383870355229047
5.66,1.8071427936998057,0.7087689898038634
5.67,1.7760565338570804,-0.448358155960236
5.68,2.405880178301361,0.12370487973208655
5.69,1.9652113814297913,-0.21070324608399238
5.7,2.4849922292111195,-0.6337749695237659
5.71,1.680070212767244,-1.1284002822700212
5.72,1.712464402735454,-1.0562050704672323
5.73,2.782898798030116,-0.7490577638378584
5.74,2.265112114051217,-0.716023214700411
5.75,3.21155891660478,-1.3868333076241006
5.76,3.3014389327761884,-1.554535977167802
5.7700000000000005,3.662002335388258,-2.249033579331485
5.78,3.3621479514374015,-2.076377860303374
5.79,3.5961706783428196,-2.5802258997107304
5.8,3.5146573079083083,-2.48055914003056
5.8100000000000005,3.9324110193661572,-2.970198596019993
5.82,4.352438649237449,-2.073161698181604
5.83,4.5455591478895965,-1.8541055324999878
5.84,3.966033139553046,-2.460489390425077
5.8500000000000005,4.542606979143482,-2.435333550086305
5.86,6.0534652372400615,-2.985665708188172
5.87,4.974994284358195,-1.6326231043170543
5.88,5.321214299680701,-2.092322330589211
5.89,5.2957816519570375,-2.9666465358389864
5.9,5.402573219494476,-3.0292342055408445
5.91,6.326549015781599,-1.7758258598837031
5.92,6.389547482283999,-1.909170973374994
5.93,5.2646981662645835,-1.329728911253421
5.94,6.341773774700275,-1.3381778546306895
5.95,5.539361221581532,-1.3339935052285319
5.96,6.145550589298398,-2.489144769295429
5.97,5.5926995500072465,-1.0231586420600143
5.98,6.572975219328638,-0.12382379226565565
5.99,6.637417394103633,-0.9333435565727999
6.0,5.799220302074544,-0.30409517205228864
6.01,7.221115796968773,1.2787089721034706
6.0200000000000005,7.365333367861872,-0.24214645111871766
6.03,6.693477015806084,0.15808704112012378
6.04,7.080355823176628,0.6276811233750209
6.05,7.223449454248436,1.3912971957965174
6.0600000000000005,6.682192921152702,0.5876065460348924
6.07,6.654503540624639,0.9229531730845215
6.08,7.356989673610516,2.169508766828316
6.09,6.594621809409684,1.2056602345264447
6.1000000000000005,7.254546696993329,1.516634910082774
6.11,4.972460494266347,1.8572145272280096
6.12,7.004710274269127,1.1211514484204983
6.13,5.83426293070077,0.9414565042798225
6.140000000000001,7.168851122058091,1.9230118695470002
6.15,6.664280905904944,0.9822060748326302
6.16,6.885387731980625,2.1364895534588015
6.17,6.29514033611705,1.5023388356262641
6.18,6.36023608112195,1.7836168305880928
6.19,6.3636900337029605,1.0423219222804507
6.2,5.832481628898586,0.4519506542666728
6.21,5.3131520292974574,1.5996024382818521
6.22,5.174443134412237,0.7444801258080398
6.23,4.663932499346631,0.5958997907332461
6.24,5.381779391795498,0.6644108718492076
6.25,4.6414126440486285,-0.1998884141724428
6.26,4.731494987228824,-0.28474912469902114
6.2700000000000005,5.343056678021381,0.9387987035718388
6.28,5.090753352253314,0.010240168570946534
6.29,5.089558592133436,0.22197375281542797
6.3,3.7631614257668873,0.30891862916880397
6.3100000000000005,4.23744176456913,-0.5592510201180569
6.32,4.874419101056302,0.1083165613997783
6.33,3.500577699170049,-0.6019345058707652
6.34,3.8395105418224036,-0.848575519757665
6.3500000000000005,4.253400121699239,-0.44365113496926084
6.36,2.1432080394187727,-0.927516367313766
6.37,3.244328754233372,-0.06702357480792809
6.38,3.6112420179329434,-0.8961088236181969
6.390000000000001,3.2974911619917675,-0.18576926224361595
6.4,2.8833892055238852,0.4120679798044409
6.41,2.9162339690072443,-0.8026329219248337
6.42,2.32848400898874,-0.5620066425033207
6.43,4.029948607439431,-0.08109893460803719
6.44,2.1597034412528315,0.5531543515657853
6.45,2.6265101998000078,0.16257328300984475
6.46,3.1076245882694775,1.4144647925687424
6.47,2.7136358045470037,0.9209720088811258
6.48,2.5699305006600857,1.6777711278101126
6.49,2.3377323409388575,0.12351695052457867
6.5,3.7255371420912455,1.9965523396303921
6.51,2.6197754328422147,1.8021469674770016
6.5200000000000005,3.7209931989376415,1.2749398210721439
6.53,2.4875380061747983,2.034319414661824
6.54,2.6201222708327427,2.6142335535352177
6.55,3.4315443920219275,2.273068277696766
6.5600000000000005,3.734346484224167,2.9702780755635003
6.57,1.8624547562059475,2.6788617879841756
6.58,3.154455462202842,2.178902680639029
6.59,4.112707713852319,2.627294999462997
6.6000000000000005,3.159318777753052,3.588130740759833
6.61,3.4740803134365015,2.672881976133559
6.62,3.9739865659887776,2.957418446514165
6.63,3.2869575728016773,2.806765787744494
6.640000000000001,3.7142492940152194,3.565404765603361
6.65,3.4186594563987507,3.8789233898296542
6.66,4.8025993494765125,2.8849071795724366
6.67,4.101013808592117,2.868713768095482
6.68,4.100937840528578,3.209289515220861
6.69,4.262472947147598,2.98837724163327
6.7,4.736070255123253,3.5955657909774104
6.71,4.573994619150689,2.6673574643429703
6.72,4.701662261527433,2.819869884091649
6.73,5.115986982848234,1.9746005977018182
6.74,5.112207446022193,2.3868639820234674
6.75,5.409938364725912,2.4510067631477397
6.76,6.08337924022701,1.5442768211243756
6.7700000000000005,4.862658526725607,2.732738718490193
6.78,5.796147166593946,1.3991894130616587
6.79,5.451717527749219,1.7192965994346006
6.8,6.706857290837459,1.5060376680942897
6.8100000000000005,5.393366169552584,1.5224852814585839
6.82,5.559995075196148,1.6620097988044846
6.83,5.294548197117195,1.482280817798814
6.84,5.810316424519083,0.43972594544462684
6.8500000000000005,4.918516149681804,1.2333751635027657
6.86,5.258101864793608,1.040502948888972
6.87,5.879818191190253,0.8263088846162221
6.88,4.784998756209416,0.9811259879991111
6.890000000000001,5.449691137181274,1.2973946354021881
6.9,5.759168749192153,0.4993261808148085
6.91,5.522447974100838,0.8647820359209536
6.92,5.26329703739816,1.8984134724091162
6.93,5.200982953796423,1.081705901363321
6.94,4.425209897612982,1.6134348770582365
6.95,5.329369705915104,0.9513777624573936
6.96,4.3801062673774425,1.9242404384031533
6.97,4.487052576044252,1.4330274434378514
6.98,3.885365223554926,2.0554526731522706
6.99,4.0969085899975415,2.7041363545859967
7.0,4.326302358178247,2.6902767755940005
7.01,4.279899684305249,4.2650372270130985
7.0200000000000005,4.421264097494098,3.617527030261551
7.03,4.024801780899338,4.164245641174195
7.04,4.116622807799966,3.8523085157128407
7.05,4.399303418860662,3.3988805937637556
7.0600000000000005,2.94929508665413,3.3168461139816228
7.07,3.131538505074583,4.652962046020961
7.08,2.409164586799754,4.492587394365188
7.09,2.58923764117707,4.157746570106769
7.1000000000000005,1.893240719794192,4.982486124445568
7.11,2.2844080646966516,4.68449505508185
7.12,2.415845817941718,4.098834331637799
7.13,1.6198105665156888,4.858086824732416
7.140000000000001,1.2902268455911303,4.418662679269985
7.15,2.2912670455501147,5.713543058936061
7.16,-0.07306292527069669,5.033903518614355
7.17,0.7556271778027586,4.123722924981227
7.18,0.1685883658554373,5.892568830894398
7.19,1.0048755639682188,3.7530050045515204
7.2,1.0087834699176712,4.229974553971526
7.21,-0.5118968078754352,4.3518758786021055
7.22,-0.4242733812290885,3.2563411281561616
7.23,0.013257745643955487,3.549606945807975
7.24,0.20068840307298114,3.5078811453043963
7.25,-0.8602338643819296,3.2349597903945675
7.26,-0.8911699715153789,3.1304271466819116
7.2700000000000005,-0.483777225087164,2.919858054369692
7.28,-1.596180673695144,3.2200148260929864
7.29,-0.18032699224951254,3.3749412857508423
7.3,-0.5051415284073428,2.6229310666361685
7.3100000000000005,-0.6033233894818015,3.173497074278234
7.32,-0.7885869968827727,1.4754428384862202
7.33,-1.4405997607237815,1.8307147755592663
7.34,-1.7834117658732698,1.3558479959578076
7.3500000000000005,0.20370986371028,2.7762927974373555
7.36,-0.09256701372367016,2.5681932748471157
7.37,-1.0369428065684225,1.5806520938440611
7.38,-1.118821549548104,2.7522058885827114
7.390000000000001,-0.5292584014591692,1.154742478081078
7.4,-1.0852759082774481,2.6052476132012625
7.41,-0.02159407384333578,2.947575764370807
7.42,-0.7862841605898448,2.4338245680357664
7.43,-0.5220858960720915,2.7379696237398954
7.44,-0.8263100667665756,3.0588432084304564
7.45,0.026511470771177992,3.061717616667247
7.46,-0.2865967251080858,3.0259196482926325
7.47,-0.8459498222555183,2.4327619997345344
7.48,-0.11439492946191934,3.2863329859361055
7.49,0.16838510703240092,3.6992645072887442
7.5,0.14142218998907172,3.503426056287731
7.51,0.8269389622851759,4.601166331143209
7.5200000000000005,-0.3394145355736049,4.503952024696714
7.53,0.013100788025153187,5.630545078559518
7.54,0.7601556839519847,5.249923108176483
7.55,0.18772672051160158,4.892232087233312
7.5600000000000005,0.5141438751301165,4.4835496776568435
7.57,0.3343407395420691,5.0843219254710945
7.58,-0.11759835827564802,5.153682618991755
7.59,1.209866959531087,6.191714739512528
7.6000000000000005,0.11119991519804528,6.133620883978634
7.61,1.2204534322365874,5.791180533949808
7.62,0.8514031777993236,5.28404372666669
7.63,0.6121251134510168,4.654304550972739
7.640000000000001,1.0908591244513173,5.596060444843737
7.65,1.5770762615696046,5.221971750542136
7.66,1.718399582397907,5.129490259407082
7.67,1.059627078686762,5.193666540370202
7.68,0.7039727435202913,5.540157683311625
7.69,1.140213893964458,4.808777004333442
7.7,1.0172263037140186,6.246865288046093
7.71,0.5427222440448005,4.473062159028455
7.72,-0.3510598680719551,4.862088183468911
7.73,0.729170047136889,5.380668293939982
7.74,0.7708856836852751,4.016030715411252
7.75,0.4350341746200924,4.666207471539055
7.76,-0.42414721349900897,3.2443146590129235
7.7700000000000005,0.1169212009717457,3.429089637375084
7.78,1.0447560581440576,4.047602926595743
7.79,-0.180811045907591,2.9114025810711754
7.8,0.8154143931466769,3.00135702919148
7.8100000000000005,-0.9030630997411251,3.6877257082916497
7.82,-1.0072848184995933,2.4959785560048684
7.83,-1.0998861888480338,2.4129220621915493
7.84,-1.2603844134120052,3.061915034534075
7.8500000000000005,-1.10873829844496,2.4745660444807562
7.86,-2.510850162985867,3.266607705938636
7.87,-1.386007689405373,2.353014908276033
7.88,-2.3937482492971345,2.2729854323745333
7.890000000000001,-1.5704403732205783,3.340243426722068
7.9,-2.276230352115742,2.8148812771636984
7.91,-2.145719945988574,2.6411706133459774
7.92,-3.319795242188164,3.2354441016662543
7.930000000000001,-3.471308738651066,2.2504964118356012
7.94,-3.9585010499345277,2.9515729801676995
7.95,-3.5402622383842988,3.116338866574087
7.96,-2.2721949072768415,2.8163787123600605
7.97,-3.719093340534589,4.109187756511653
7.98,-3.7846546718638874,3.2802916432165814
7.99,-4.442664992044489,4.583974917268082
8.0,-4.619065758510912,3.5014001912530723
8.01,-4.31987438654255,4.271738728326221
8.02,-4.077116220379807,4.334889284502181
8.03,-3.7652233914307156,4.235073975064346
8.040000000000001,-3.924770679863774,4.935036052872319
8.05,-5.472465682574913,5.01284825312773
8.06,-5.58536658104361,5.122204529237113
8.07,-5.684971387075976,5.4770377592026
8.08,-5.507828671191667,5.132273820254419
8.09,-5.043215058196871,4.770774240665657
8.1,-5.297945801049992,4.905088812960708
8.11,-5.471688780019339,5.3962424360358545
8.120000000000001,-5.620303663584509,5.550093867977237
8.13,-5.726849107811896,4.22882409582495
8.14,-5.9746095312662435,5.1600804984904425
8.15,-7.1474032105843,4.738529772452495
8.16,-5.286919234580922,6.130463114291468
8.17,-5.197962425207812,5.615059876772208
8.18,-5.68829040647769,5.297486940424581
8.19,-5.14295939752461,4.674267077266349
8.2,-4.845128611620708,4.939676284911563
8.21,-5.403241527733204,5.3425755191480615
8.22,-4.889253471839296,4.422769698291657
8.23,-5.648957849128409,4.274475344205045
8.24,-6.166235375968402,2.7044779735937885
8.25,-5.652915312655838,4.027386101364204
8.26,-4.910198320786583,3.4944887707731667
8.27,-5.145219850471992,4.40171713135934
8.28,-5.039420060331769,2.5853657875950242
8.290000000000001,-4.7188357420803095,3.5365410675868283
8.3,-4.528143941728567,2.5111776315480387
8.31,-4.3920989672305755,2.072585617960354
8.32,-5.271120744145081,2.73682754308888
8.33,-4.2107459382260055,1.3802345711692883
8.34,-4.48734015286158,3.334825921775483
8.35,-3.8487328742947637,1.9533114117777666
8.36,-4.041788237974581,1.4499311048318295
8.370000000000001,-4.809486492242218,1.7869585354023532
8.38,-3.8542727771986,1.7598064392657649
8.39,-3.3290016481704927,1.8634529725430484
8.4,-4.22448129978723,1.96616621391965
8.41,-3.439996697244395,1.4186397702200209
8.42,-3.427283170063954,1.6193640865209078
8.43,-3.4019305944712346,3.04347984421896
8.44,-3.1915327326428393,2.8676239925220655
8.45,-2.6881315556611822,2.837793015910523
8.46,-3.9838014803186685,1.9797501816042045
8.47,-2.871358655007551,3.217568704027781
8.48,-3.084698536208359,1.958100707406747
8.49,-3.134983596974277,2.7217240690132716
8.5,-2.3869418795829915,2.679687911522035
8.51,-2.8048144472768533,3.315233351112791
8.52,-2.3811993006664602,4.921121285060524
8.53,-2.2848735948255263,3.4897718619562266
8.540000000000001,-2.7618774681152276,3.89642338996851
8.55,-3.1034876268195966,4.210690166231671
8.56,-2.772592034215499,4.248208132806218
8.57,-3.536654770212562,3.6522470456055682
8.58,-3.1055304593074995,3.817614197847425
8.59,-3.0905228289117286,5.0040784319145235
8.6,-3.239207004222511,4.187209614318689
8.61,-3.6464967702265128,4.309894618211641
8.620000000000001,-3.2080672443457563,4.2331567453634795
8.63,-3.2209626097630184,4.421052321528092
8.64,-2.9050176820311027,3.8982961750028284
8.65,-4.763520865625428,4.71978575092512
8.66,-3.628098433849455,3.3089867324045645
8.67,-4.349348644755455,4.4230909336451925
8.68,-4.0328632001596585,4.032935329610198
8.69,-4.787017907972878,2.618741922409784
8.700000000000001,-4.495108910157352,2.730887461340591
8.71,-5.002270531237153,3.5314873960927833
8.72,-3.512028362649568,3.1951827563869855
8.73,-5.363138037723939,3.5145893284751177
8.74,-6.011810145777854,2.252538149170153
8.75,-4.507994392300837,2.5615516817231394
8.76,-4.978058482860747,2.0516681088742557
8.77,-4.720701713458569,1.9779659043948543
8.78,-5.306150735944398,1.3640569959861812
8.790000000000001,-5.800393014480302,2.30069368808952
8.8,-5.679809111758997,1.4178274806083273
8.81,-6.343500675055306,0.9217169912684243
8.82,-6.551467420710883,0.5596224629450373
8.83,-6.482293305050175,1.3417286167976437
8.84,-6.750031238980044,1.187254869144346
8.85,-5.474102427959696,0.7836505082087964
8.86,-6.311024780735616,1.6844699250019972
8.870000000000001,-6.607767377806554,0.33222552505016606
8.88,-7.004598757886111,-0.15490766303239623
8.89,-7.827983130134312,0.2979090511977871
8.9,-6.89339450791957,0.6472533127739373
8.91,-7.677167168785781,0.834515857307712
8.92,-7.514995842060302,0.6536531304153601
8.93,-6.689986273457362,1.7357278074298979
8.94,-6.566888816020523,2.061187728963978
8.950000000000001,-6.584042967649879,1.3245351089877468
8.96,-7.151160609545904,1.2275590936585556
8.97,-7.403595489615718,1.1926769339444026
8.98,-6.696979724263824,1.7799662640917058
8.99,-7.01852080358107,1.6779041656207034
9.0,-6.615353366031726,1.0850398495004252
9.01,-6.442833900143439,3.161083038142709
9.02,-7.280812369296197,1.9748267144665257
9.03,-5.635847522399269,1.8749395970841722
9.040000000000001,-5.793410312558717,1.6606396167535291
9.05,-6.601065090458774,2.6276948466613193
9.06,-6.217031263081574,1.9502526392225465
9.07,-7.366648655600132,2.8200823806633863
9.08,-5.7201589516335165,3.455877329286812
9.09,-6.040603452008935,2.3275433489211106
9.1,-5.557468351023946,2.660068417157113
9.11,-5.784159933720595,2.510038405507235
9.120000000000001,-5.467697599549846,3.3082195172286903
9.13,-4.32644881734031,1.7746279428902694
9.14,-5.380051437329828,2.5632332799195146
9.15,-4.075266635276793,1.914266471467597
9.16,-3.805230716609203,2.6391129642839393
9.17,-4.4264819634276575,1.8582135884093502
9.18,-3.7290938311152573,2.592379285768139
9.19,-3.7568873494563055,1.8867204454485793
9.200000000000001,-3.974935198516461,2.9412346020949656
9.21,-3.2586784706475087,1.6373807046121036
9.22,-2.381567026203821,2.512019863288037
9.23,-2.9386943736014266,1.7960736054456745
9.24,-2.950823913100466,1.2333459880586386
9.25,-2.841361662899415,0.389487041276426
9.26,-2.3009003881809966,0.7315503334336693
9.27,-2.6783240620363937,-0.08956276812139491
9.28,-2.5772694059197736,-0.8332102813513558
9.290000000000001,-2.3891325768077842,-0.48765862122827774
9.3,-2.798004749429415,0.22573846762061367
9.31,-2.2909605911549242,0.4873129997177076
9.32,-1.2846503729369343,-1.327203521979833
9.33,-2.1883249179149433,-0.8697484771305058
9.34,-1.341102961255373,-1.3523126110619532
9.35,-1.466694893266887,-1.2326547821713612
9.36,-1.559343742113202,-1.5965282644431023
9.370000000000001,-1.1094925167915384,-0.6737296101812221
9.38,-0.8829419397035253,-1.8060155056317804
9.39,-2.604275193510335,-1.7205450682785286
9.4,-0.23050414493173754,-1.0032275899171998
9.41,-2.019084929296823,-1.4049446904985827
9.42,-0.6925618954559998,-1.563136860650196
9.43,-2.216995350797396,-1.429217126275966
9.44,-1.5165378799518794,-1.5178765694262655
9.450000000000001,-0.17527503636344632,-0.5303232246670668
9.46,-0.7117189331616063,-0.5755752767617496
9.47,-2.2604516268923383,-0.4006003155375869
9.48,-1.9640016939496108,0.022432993865727335
9.49,-2.22942800204049,-1.1167039710186986
9.5,-1.592963772567463,0.18380905731961494
9.51,-2.1589031462184876,-0.10362467707264372
9.52,-2.155443125716962,-0.34003801002667855
9.53,-2.541591099590603,0.6215500496798599
9.540000000000001,-2.592505418934015,0.8912223405256225
9.55,-3.1043642783449927,1.4262318783830024
9.56,-2.680966425915112,1.4809794166652805
9.57,-2.7141045075825123,0.878294621896158
9.58,-2.182461120652116,0.6553873237103334
9.59,-2.4263058267042763,0.402691903409642
9.6,-2.823729928224746,1.1503354967533737
9.61,-2.6640595062898766,1.2656233213608274
9.620000000000001,-3.3068301040622483,0.34450639703681474
9.63,-3.389813828904885,1.4064250557771414
9.64,-3.2485282214426396,1.1105148090299597
9.65,-2.7327896313610256,0.4903490460642586
9.66,-3.3751044886049537,0.12553242487484872
9.67,-3.7144567728462285,0.8308466092839566
9.68,-2.693254623731061,-0.010558879647652009
9.69,-4.109178632039757,0.3163535490685334
9.700000000000001,-3.290917338907707,0.13015862867034922
9.71,-3.651046310279413,-0.6455920634296747
9.72,-3.3037055251151193,-0.06735220076960141
9.73,-3.951449810649914,-0.4033934276837838
9.74,-3.1639799116898986,-0.6733447005913854
9.75,-3.4241362290588593,-1.7782837679060126
9.76,-4.013773745721055,-1.2642624730919703
9.77,-3.208232767020182,-1.78092743376676
9.78,-3.2083086359456474,-1.4125700665891545
9.790000000000001,-3.833785228783202,-2.492769230292848
9.8,-4.0858901845884965,-2.3420186726501986
9.81,-2.2425279090476167,-2.2765139880849445
9.82,-3.186488108476228,-1.7278587400556293
9.83,-3.1653799179467415,-3.0495607566033094
9.84,-2.6558076971511264,-3.980799532868105
9.85,-2.2588138435730194,-3.7343796834563463
9.86,-2.5713876211776956,-3.4857608062947945
9.870000000000001,-2.2539501525867074,-3.0009315859504624
9.88,-1.961316862670584,-4.118274310041995
9.89,-2.043256404562049,-2.451537532965586
9.9,-2.0552279247985488,-3.1251979218850217
9.91,-2.280513930222219,-4.245733991995306
9.92,-1.7166043063073477,-2.4311213609204936
9.93,-1.1329404398116185,-2.9138761559027992
9.94,-1.3703560733947506,-3.4069220309713963
9.950000000000001,-0.8810202259016258,-2.603692248012733
9.96,-0.5891330143909408,-2.6478062162645886
9.97,-1.5108757663725076,-2.633017834803625
9.98,-0.3487690437704698,-1.6073908111599127
9.99,0.14108439755352623,-3.0946623730791707
10.0,-0.10949746850986153,-1.7492906717924601
10.01,-0.4632587594396008,-0.7457323339733934
10.02,-0.38015387665669087,-1.9290538410926115
10.03,0.6492393400776472,-1.5696896288520423
10.040000000000001,1.3733083665482906,-1.3640574741728002
10.05,1.8263785728188626,-1.1333030349799962
10.06,1.453078418104118,-1.054560110915042
10.07,2.106560211311267,-1.1969613870366351
10.08,1.1854186528689148,-0.6371608150012896
10.09,1.5961230296879,-0.42285919969503266
10.1,1.3442446932110181,-1.4204736865790109
10.11,1.1316370076574576,-0.6081840072617746
10.120000000000001,2.8113800547066603,-0.6387283391945258
10.13,2.766206585411161,-0.26905410863925716
10.14,3.2404974836657994,-0.8867789184542345
10.15,3.2285417569789976,-0.09462608726019495
10.16,3.6224841954519267,-1.2400686632656344
10.17,3.58358604908519,-1.1321568071056736
10.18,2.815644709705812,-0.5053854224242331
10.19,3.1543096080082207,-1.0460742903572402
10.200000000000001,2.6559463149996096,-1.799734704235745
10.21,3.4801743811355728,-1.1312788957987947
10.22,3.534138478891035,-2.7380896723352426
10.23,3.6650398949483964,-2.151579118646447
10.24,2.818556240901553,-2.616391180273156
10.25,4.058322205563826,-2.725181698639897
10.26,3.0625072489914524,-3.2813207666977986
10.27,3.007093615448822,-3.8765965694403985
10.28,3.348376883157679,-3.164817742182733
10.290000000000001,3.232077905216964,-3.560466274738742
10.3,4.07028779776528,-4.103124198989792
10.31,3.7801763706120286,-3.673901635842023
10.32,2.763461219077656,-3.867076592966141
10.33,2.5074207624090583,-5.124217924858682
10.34,3.7537889608920345,-3.910653754647643
10.35,2.489005067891197,-4.415142922190844
10.36,2.983848265524079,-4.426056368604466
10.370000000000001,2.8523178256988815,-4.2712349171615696
10.38,3.8007228205003343,-4.334627527122324
10.39,2.210875282787561,-4.525183691111593
10.4,1.7778691236666166,-4.862712450573901
10.41,2.973165511225392,-3.3676748749837513
10.42,3.5288879874487513,-4.045166269795574
10.43,2.0577527777532922,-4.542466657004039
10.44,2.0636662199045253,-4.448306790445275
10.450000000000001,1.9293195171515534,-3.545842146591175
10.46,1.0551437396459171,-3.211838967064121
10.47,1.93550679050287,-3.676534314388918
10.48,2.7183776195612945,-3.423156168740544
10.49,1.3880943769403833,-4.475720852293238
10.5,0.8007090888471623,-3.0630913252063987
10.51,1.5369196962214056,-3.1119616969414268
10.52,0.9372000339935339,-3.9074101898747373
10.53,2.4042490033819304,-2.7127564084208386
10.540000000000001,1.3244229427851069,-3.2122013798208076
10.55,1.3085813082475457,-2.90658928658413
10.56,1.815879272225875,-3.857970588136115
10.57,0.8756010628058025,-2.9949434119228693
10.58,1.9274529357062078,-2.488000353600153
10.59,1.5944547313101907,-1.6816144522621626
10.6,1.8444109195118434,-2.5867952654728743
10.61,1.4144154489783756,-2.3056092136845066
10.620000000000001,1.0217344224580946,-2.208768765193455
10.63,1.0008640353958884,-1.881253082265871
10.64,1.7584374044304234,-2.44913531906214
10.65,2.366184962491966,-1.9532795244197523
10.66,1.589057251093855,-1.4806748592674794
10.67,2.3954144388368555,-1.5631906499788575
10.68,2.0038599125943977,-2.132601159013464
10.69,1.6827543110106555,-2.4686440847316824
10.700000000000001,1.048954349423191,-2.6585797640372335
10.71,2.1265590554520872,-3.169670008163946
10.72,2.235342841273017,-2.497846510639404
10.73,1.9813891604740188,-3.5526199791869417
10.74,2.775429550626734,-3.4908040474514754
10.75,3.063809225505255,-3.441001868244148
10.76,3.114630060113308,-3.4785089384786367
10.77,3.0052544782546957,-3.240590675568923
10.78,3.6220306773930138,-4.369565347872186
10.790000000000001,3.395795772556202,-4.468115818410647
10.8,4.094572506388191,-5.358436911545989
10.81,3.2371235967676726,-4.607778600079347
10.82,4.243625287521927,-5.580674353893121
10.83,3.9389867319503655,-4.628673068821412
10.84,4.778225960934073,-5.280701598646744
10.85,4.146137789882254,-5.465025225041724
10.86,4.944367336584356,-6.283596548267194
10.870000000000001,4.997133073719905,-6.147941782193066
10.88,5.8671328404275656,-4.833219540228467
10.89,5.664694453251298,-5.156545702749126
10.9,5.720492170956603,-5.303073769066374
10.91,4.772393889847576,-5.5115319664278
10.92,6.424478876824561,-5.600144557934837
10.93,6.144439168390285,-6.269786571545204
10.94,6.17915194918872,-4.966624400403308
10.950000000000001,6.604194053070815,-3.9006264180287364
10.96,6.032241242649167,-5.01899041263405
10.97,6.860188818114537,-5.32544851358482
10.98,6.609761526685976,-3.4027986165293473
10.99,6.717459707060384,-4.266094114140949
11.0,6.850225501780194,-3.389752762454904
11.01,6.005630874883791,-3.3187589002441755
11.02,6.377396944739809,-3.25036556132176
11.03,7.10775404897388,-3.8839084996115254
11.040000000000001,6.246696904563075,-3.6411590575608477
11.05,6.3247376931747095,-3.862902386410756
11.06,7.1530636298259465,-3.252932712993444
11.07,7.0999005172949685,-2.9563153022833455
11.08,6.173580611910271,-2.664455344172728
11.09,6.544676527248113,-2.884120950506739
11.1,6.459318258610549,-1.843031969065302
11.11,6.857256824904352,-2.9732437890126815
11.120000000000001,6.9854141988777245,-2.611336445695332
11.13,6.9572113841817025,-2.372714225294488
11.14,5.914956251087889,-2.599989152633661
11.15,6.401457455918484,-2.4815726287230095
11.16,6.22042337679658,-2.5200646516734992
11.17,6.439417871950763,-2.5835274438240527
11.18,6.435261210817024,-2.3728275162481154
11.19,6.749961615273558,-2.2378729564030406
11.200000000000001,5.407413862222375,-2.727092016436907
11.21,5.632702062832535,-2.8024730119356005
11.22,5.455248374212944,-3.372764432004662
11.23,5.122579174570841,-3.959428345142167
11.24,5.763914046003606,-3.5405560418684585
11.25,5.259442971168558,-3.501081635761433
11.26,5.221586476037349,-3.6828726760516863
11.27,5.279700299376264,-4.185936876593005
11.28,4.008755078150965,-4.6238180857662385
11.290000000000001,3.7497779897257284,-4.665850204873661
11.3,4.7681333586182975,-4.9412199652223
11.31,3.8791647359620067,-5.34866366959838
11.32,3.6167999281701046,-5.154402968538549
11.33,3.6433804369472362,-5.666039565287758
11.34,4.286109802790145,-5.056805258479579
11.35,3.306329993007817,-4.782565449532481
11.36,4.248799543370178,-5.424291390232164
11.370000000000001,3.7322793401672065,-5.57267136802891
11.38,2.8567488197646536,-5.470089896444295
11.39,3.2622975218183776,-5.2135444943724165
11.4,3.4502234886775254,-5.498761290097213
11.41,3.4042192453823494,-5.076611868973975
11.42,2.94814120488772,-5.044591902133428
11.43,2.325677592907887,-5.833083433744045
11.44,2.627593506920464,-4.787829635602277
11.450000000000001,2.995769794983166,-4.805604741680423
11.46,3.306168800810179,-4.210598807895543
11.47,2.606983125581833,-4.541984521239493
11.48,3.3042562520823284,-4.654414792024299
11.49,3.0291925943832587,-3.5053750960396055
11.5,3.844465872755884,-3.482846855307077
11.51,3.162335541611849,-3.1206276076453725
11.52,2.6593881609600247,-3.0485155164893145
11.53,3.0858814327541,-3.413546208439312
11.540000000000001,2.8773079914522683,-3.441732426551668
11.55,3.30318794771724,-3.3528334624573075
11.56,3.2510393500766943,-2.0291085031322296
11.57,2.8027917887279354,-3.29721342386453
11.58,3.5211415891221627,-2.562567033903704
11.59,3.5347286551722457,-2.716330298033018
11.6,3.1713892091932245,-1.8962828705620833
11.61,3.617739999015271,-1.494976287124468
11.620000000000001,3.554853524551142,-2.595566090328899
11.63,4.550360894912585,-2.5003737746044155
11.64,3.6969180692729813,-1.740011609164367
11.65,3.7195970246195866,-2.7138291367436325
11.66,3.802144456961564,-2.0276882379156667
11.67,4.460912583400199,-2.233072622491616
11.68,4.128056329441025,-1.4906009601537324
11.69,4.440693858093272,-2.4357610802204945
11.700000000000001,4.611830990462301,-2.858072517226495
11.71,4.004268108473519,-2.865377770284725
11.72,4.304421140879911,-2.467897811974978
11.73,4.947506360682043,-2.7667596914129944
11.74,5.028392277947595,-3.465708404005856
11.75,5.320719600435509,-4.411287341755419
11.76,5.558902307983982,-3.43135199312667
11.77,4.415134419119418,-4.2850437840337685
11.78,5.712924973520683,-3.108114724768951
11.790000000000001,5.337032925676802,-3.444462474421878
11.8,5.454360982238708,-4.155472124919029
11.81,5.655650710405137,-4.185045424187054
11.82,5.382117319090705,-4.305487796533842
11.83,5.318927907683165,-4.8143951844920245
11.84,5.433356667802325,-4.619704038122024
11.85,5.261850173304305,-4.360210527004777
11.86,5.679677498538418,-4.428295648422245
11.870000000000001,5.221773966858397,-4.651275529642805
11.88,6.08924876575175,-5.470495620425016
11.89,4.862433589459217,-4.475852374388316
11.9,5.399908226711473,-5.408877494278661
11.91,5.022649418689544,-3.8798947567738566
11.92,5.167189846400969,-4.197066342184672
11.93,4.9254563601533325,-4.247364328849721
11.94,5.487243405602867,-4.545573660311188
11.950000000000001,5.140786773624572,-4.382977958931103
11.96,4.243703346943741,-2.7844186384268323
11.97,3.6352876939435776,-2.909092063876706
11.98,4.646015989887111,-4.561656177553864
11.99,4.629176311142903,-2.9626539486010866
12.0,4.191237967188547,-3.404766994819613
12.01,4.009159743106654,-2.9127672037969337
12.02,4.54552457244302,-1.5610909219121654
12.030000000000001,3.446731684923523,-1.8297172822356715
12.040000000000001,3.337838944409451,-1.592807712905549
12.05,3.48087811867364,-1.8743924166069643
12.06,3.0973920060168445,-1.520411602714125
12.07,1.9598932774515512,-1.2646461366019512
12.08,1.9790491685314897,-2.2268211425395155
12.09,2.317362723157533,-0.7666476082985012
12.1,2.115100940111932,-0.9860276540178851
12.11,2.5929217956013195,-0.36337990587961955
12.120000000000001,1.9203539100506706,-1.3718305362623475
12.13,1.5024120698573447,-1.3752732055400223
12.14,1.3607249548938425,-1.1617625565663106
12.15,1.0684595502097094,-0.668340244657396
12.16,1.387239641892327,0.23557142557439703
12.17,1.2018837827152724,-0.41257761037052765
12.18,0.8635431367004434,-0.8771081127973892
12.19,1.4614138586351824,-1.3028733757082298
12.200000000000001,0.343844295013857,-1.329625150496036
12.21,0.4275137347230022,-1.8866040974414005
12.22,-0.1986988605848427,-0.9916214187440969
12.23,0.13261354384566176,-1.6494188067828648
12.24,-0.6256084769424459,-1.2873996070402975
12.25,-0.41035307702670376,-1.7339464420774156
12.26,-0.7279037004793842,-2.342763204653278
12.27,-0.761182118614285,-2.4588370829095445
12.280000000000001,-1.0605027495972337,-2.0498702360371794
12.290000000000001,-0.6689288353269395,-2.449971583979599
12.3,0.11815533775918485,-1.9019561042571844
12.31,-1.4797639511800476,-2.5351360963136784
12.32,-1.4619865045660205,-3.555178776577409
12.33,-1.6689465055909398,-2.9285234005897043
12.34,-0.9167776835800627,-3.302445742739052
12.35,-0.7925409872774045,-4.011099527012678
12.36,-1.3121000976534862,-3.7642766295044074
12.370000000000001,-0.6948391006082878,-3.064422479752893
12.38,-0.9356037579291012,-3.136611204398278
12.39,0.2722759294077963,-2.671870816371166
12.4,-0.8194475455785023,-2.956408930800683
12.41,0.47015750482761254,-2.552303718283664
12.42,-0.13770575381950484,-1.7780531727622817
12.43,-0.38992164272290164,-2.125981493672023
12.44,-0.30631363545994267,-1.3697119825719262
12.450000000000001,-0.7000383771610743,-2.0007090150468545
12.46,-0.9277025254025806,-2.3723911221682017
12.47,0.16871067222176284,-2.1763048371725344
12.48,-0.27133217648424957,-1.472782096199421
12.49,-0.648292233643349,-1.4930807225796858
12.5,0.16865427035469766,-1.4521163821261145
12.51,0.6910860786534732,-1.4207187977125908
12.52,0.23712336579026566,-1.1951885941685667
12.530000000000001,0.4982051603037806,-0.5043421929753978
12.540000000000001,0.8581132718615063,-0.9726478880344692
12.55,0.7658710137931682,-0.18844851732447826
12.56,0.9943092224108054,0.5466538950489863
12.57,0.6775391491208356,0.35262265752390787
12.58,0.8338532637953481,0.22281950744151657
12.59,0.6525597280539928,1.0922425497647845
12.6,0.3767032339690586,-0.3967035383493669
12.61,0.4526519641956794,1.0489421920603856
12.620000000000001,1.250450625793341,0.34083415444437754
12.63,0.5729511185641367,0.9539698329684256
12.64,0.17609964046549564,1.6907399365192841
12.65,1.1342847255906277,0.8104331382395349
12.66,0.8425870672756655,0.8272904041270013
12.67,0.6166328532299443,0.02894782530062201
12.68,0.1798809984263846,0.9215026066121617
12.69,0.85408704740255,0.9795808800259167
12.700000000000001,1.1394406024546164,-0.6086449239213373
12.71,0.5517017899783931,0.8049307636067211
12.72,1.3082613507830407,0.9632297545499819
12.73,0.03272302955923989,0.3158982862580424
12.74,0.09235285534685317,-0.6006208471487429
12.75,0.0356099422328886,-1.4926447475403357
12.76,0.5812765472155018,-0.5044435535003777
12.77,0.7951203029438096,-0.7622935702964759
12.780000000000001,-0.40720270614160664,0.7446254655039064
12.790000000000001,0.3323629242772377,-1.2401931251277827
12.8,0.027952820349942786,-0.9008764876337622
12.81,-1.614934878721908,-2.1061950804848055
12.82,-1.2314280633425234,-1.0614373897581928
12.83,-0.3913309500237846,-0.4072708314690008
12.84,-0.4450369528669108,-0.7571571008036642
12.85,-1.077595259247705,-0.4702087141983252
12.86,-1.789501957988193,-1.5267991159861443
12.870000000000001,-1.3226093023546615,-1.8612368737300597
12.88,-2.1706863754825263,-1.2166030372968721
12.89,-2.0571380293549733,-0.9456900251332665
12.9,-2.4846775879105483,-1.3268831061567892
12.91,-2.087825475238755,-1.0685065825994078
12.92,-2.9063123860373397,-0.46669341235033107
12.93,-2.3511079076230486,-0.92119220672088
12.94,-2.75444237353788,-0.6309868954351208
12.950000000000001,-2.882757101075395,-1.0607953410084872
12.96,-3.6158780977419056,-0.026756149569739957
12.97,-3.148995382433179,-0.05075456224338806
12.98,-3.7579041945283325,0.019354679166540212
12.99,-3.6179590782888837,-0.06306139609979133
13.0,-3.6260725013956026,0.8076440745808271
13.01,-4.299323504697744,0.916200747925668
13.02,-4.944250018907944,1.1043126256736486
13.030000000000001,-4.482865870052344,1.4372863917391174
13.040000000000001,-4.623616495649178,2.3278233101529207
13.05,-5.413413780177025,0.4468617976468965
13.06,-5.996815532945248,2.2365760124951777
13.07,-5.180481754236288,2.186596542843168
13.08,-5.84155037852645,2.97422255121489
13.09,-4.569079761887122,1.893724766468043
13.1,-4.1821511974689525,2.3391275890278242
13.11,-5.640636531790695,2.2068504567084
13.120000000000001,-4.724465088124373,2.798071178516688
13.13,-5.279832253492048,1.4932201435536505
13.14,-5.591160278171414,2.0939862640810345
13.15,-5.715285148091716,1.7377059490035784
13.16,-5.607674225077762,2.38562657858904
13.17,-5.25938052501835,3.1873061266468765
13.18,-5.652827686068818,1.9475657022547093
13.19,-5.149743874804386,2.882592145565777
13.200000000000001,-6.082336168925322,1.7693127401163644
13.21,-5.851278184024826,1.8297712939329862
13.22,-5.3763083782110375,2.6862850089252674
13.23,-5.001453337933199,1.1957249864745663
13.24,-5.4152632165126295,1.8347653188745927
13.25,-4.815048396492765,0.9234466872404185
13.26,-5.013675185587943,2.065812913497901
13.27,-4.411288474253295,2.158682697537494
13.280000000000001,-4.307679579010561,0.8250457372370235
13.290000000000001,-4.727453039659925,0.9806174006791502
13.3,-5.8937649951825195,0.3894345692436595
13.31,-3.9559285583314554,0.820770458848601
13.32,-3.8800881793105644,1.0850446928534894
13.33,-4.654505456541911,1.0326072143374978
13.34,-4.84449457040411,0.44890571533921775
13.35,-4.55336998538507,-0.194400416293387
13.36,-4.140224955596958,0.2787567101305335
13.370000000000001,-3.7285780080628133,0.16039890731877093
13.38,-3.04800282461547,0.0709362135700351
13.39,-3.0854616934674493,0.5053191419371863
13.4,-4.129112585251739,1.3369406350932824
13.41,-4.35305435701873,1.3732761427168318
13.42,-3.2983429421712067,1.2255848543680097
13.43,-3.4661947979283734,1.6432537647537937
13.44,-2.878716744722702,0.9392296078546223
13.450000000000001,-3.379037846878709,0.8008851266096826
13.46,-2.2316077834330663,1.049997719758578
13.47,-2.8419510283297162,1.9009109292353215
13.48,-3.3715610539734326,2.5771146183946607
13.49,-3.138609841445356,2.1223135576690115
13.5,-3.0591392873025476,2.71173111923273
13.51,-2.9867917905802304,2.7568201647968333
13.52,-2.822398051322886,2.8408604771279484
13.530000000000001,-2.3200846600885123,3.508992785667962
13.540000000000001,-1.9598547225550687,2.9773399939648293
13.55,-2.9578283436217387,3.136769247411415
13.56,-3.84479533707784,3.3411505265941077
13.57,-2.889805342278137,3.9309462784268936
13.58,-2.330997104080024,4.074451241978173
13.59,-3.6629597686559876,4.318213793942071
13.6,-2.3777946839645443,4.40462096950517
13.61,-2.9435619791507346,3.6147406903070176
13.620000000000001,-2.9648884580473047,4.940817509151416
13.63,-3.203827374229305,4.729630809434214
13.64,-4.109951781247883,3.1161077274192723
13.65,-3.35541495989738,4.824309335998681
13.66,-3.6498348334011186,3.932313443117415
13.67,-4.24844235499591,3.739953195034599
13.68,-5.103417790017156,4.144858417991899
13.69,-4.544391764096904,3.7295961396995434
13.700000000000001,-4.514880256263854,2.8670206995523193
13.71,-3.811993206270407,3.684144299371284
13.72,-4.574581816058057,4.0263695099280765
13.73,-4.416218955451443,3.4819643476861297
13.74,-5.0097035440115025,3.903822163559894
13.75,-5.061429989935733,3.2882680995788416
13.76,-4.357757674571289,2.488735957739609
13.77,-5.3311073379591525,2.960517406911207
13.780000000000001,-5.279355239061965,2.6537807152307513
13.790000000000001,-5.562978379270806,1.519379096693482
13.8,-5.634015622718512,2.229521591868536
13.81,-6.3988364261091855,2.553449352524482
13.82,-6.251475389436533,2.0550429271332935
13.83,-6.654437981720655,1.8567756161418552
13.84,-6.807894969808615,1.3737873284230422
13.85,-7.006076604774217,2.408305900179682
13.86,-6.394451064181921,2.5506387685498466
13.870000000000001,-6.07787944647352,1.7779754648566057
13.88,-7.2086880007733845,1.485586656882712
13.89,-6.458984608509527,1.9038819117046724
13.9,-6.577952395152424,1.3230890305201475
13.91,-6.0715031011060026,1.784667178766607
13.92,-6.880504322861106,1.9452407936490463
13.93,-7.431832447203397,2.211440496182211
13.94,-7.50635206387132,1.6967370465126468
13.950000000000001,-7.40952412750014,3.3678559757626
13.96,-6.749625114217047,2.579335027756469
13.97,-6.132934201301306,2.7546459181391807
13.98,-7.410392786026044,2.844305834078703
13.99,-6.167969504951465,3.907341215353818
14.0,-6.907577407201812,3.0652568198912213
14.01,-6.753588158482434,4.094125544868588
14.02,-6.767197161631368,3.9649728233084893
14.030000000000001,-6.572127052498174,4.129724748026185
14.040000000000001,-5.67046156250041,4.071917238891476
14.05,-5.788719092775548,4.418712201004229
14.06,-5.540630897905868,5.227224984349242
14.07,-6.852492658181468,4.536621845908103
14.08,-5.417612417305207,3.989740117696188
14.09,-6.604620616179859,4.933448648102234
14.1,-5.504227403092832,5.285324050184443
14.11,-5.7556766964963035,4.8681209153657905
14.120000000000001,-5.0005588058716075,4.779491337499075
14.13,-4.9414790176550785,5.128126545618088
14.14,-4.715569601220517,5.556911147555741
14.15,-3.973964073357254,5.332341834110367
14.16,-5.323125952191768,4.8380372510224365
14.17,-3.4968123681914216,5.257091623945661
14.18,-4.229535850974508,4.293003489835441
14.19,-3.6860242330348316,5.239045830143385
14.200000000000001,-3.777349183722752,4.154547846655705
14.21,-3.0393368597981034,4.156217486718909
14.22,-3.253450003769386,4.62915543186857
14.23,-3.9462119496239962,3.9540733407747015
14.24,-3.5493018061835873,3.668258355231336
14.25,-2.271905254613591,4.285910737545915
14.26,-3.372219876544813,3.702416644208248
14.27,-2.7334878986649587,3.5707897737507865
14.280000000000001,-2.5769282230556576,2.955588040738216
14.290000000000001,-2.176903300203106,3.2491883955068275
14.3,-2.3053145411781437,2.7207744268952516
14.31,-2.6709456742402016,3.8097120987379087
14.32,-1.9435315221874179,2.577936651846763
14.33,-2.9818914611047997,3.008852981275847
14.34,-2.4217302868114543,3.376333191413692
14.35,-1.8425666269467964,2.194321369016165
14.36,-0.884638384035568,2.6056308021224828
14.370000000000001,-1.3274355766647126,1.007450592207942
14.38,-2.11234410557805,2.387661453016154
14.39,-1.2421279876047056,2.2829738867131018
14.4,-2.1530058534859284,2.7698875279281348
14.41,-1.0389066760154968,2.6359300106781767
14.42,-1.5113183582606322,2.569952245548096
14.43,-1.2720273092718588,3.123795357492817
14.44,-1.976947127710912,2.181825488312992
14.450000000000001,-1.2752751795182842,2.5936579348905497
14.46,-1.7296573867104525,2.7616369642631584
14.47,-1.0965371167273175,3.17750916258341
14.48,-1.4633369638313067,3.2982169225217044
14.49,-0.9071620409754135,4.433384816634725
14.5,-2.524684059720217,4.304901462552395
14.51,-1.6730041593456948,3.8231202667575395
14.52,-1.3869879630672544,5.1613347740957405
14.530000000000001,-1.1723030781968826,4.614996355078916
14.540000000000001,-2.5101364204001957,4.101992216503903
14.55,-2.411791310343234,4.529216185067177
14.56,-2.863895505511664,5.540377794890235
14.57,-2.343251069570928,5.84495323662182
14.58,-2.887538054572162,5.557338614243897
14.59,-2.5093936352426303,5.186203899931991
14.6,-2.7813581411112436,6.146916896051773
14.61,-3.016578808298412,5.692399292816646
14.620000000000001,-3.3416882919316873,5.181829494967326
14.63,-2.543731583414682,4.505908571180363
14.64,-3.396264056575288,5.879720531292883
14.65,-1.9082387999542332,5.664609543734697
14.66,-3.042236809458952,4.954141354259008
14.67,-3.194179278798086,5.491540834634714
14.68,-3.3755621565791305,5.365126637577261
14.69,-2.8817666637915877,5.272038442892116
14.700000000000001,-3.593733753520705,5.214927493248921
14.71,-3.9376581253824625,5.143508440557321
14.72,-3.02265396596865,4.404250470212671
14.73,-4.265607423720152,4.834570801050656
14.74,-2.9732660962610353,4.60458668035991
14.75,-2.9025926567101905,3.558038975926984
14.76,-3.8558789383373004,3.23462069751284
14.77,-3.182330189505204,3.6257449991284294
14.780000000000001,-3.6005004695521943,2.802505988623172
14.790000000000001,-3.2038579122798545,3.44920001923155
14.8,-2.9907843591066223,2.570005971438396
14.81,-3.3971854736468874,3.2929913838292153
14.82,-4.149660105472389,2.4275389475095155
14.83,-3.195558958793623,2.0776367965342155
14.84,-2.1274703491016758,2.649583607486731
14.85,-2.753134591354633,2.701810319465741
14.86,-2.3515627841234776,2.5169529714506025
14.870000000000001,-3.3151965658236615,2.795505577393831
14.88,-2.0394161223413048,2.171194503904463
14.89,-1.4739898204478579,2.380922862889874
14.9,-1.7931831910331981,1.585818700614162
14.91,-0.8478972430529573,2.7021400155933555
14.92,-0.7271418191912123,2.3312350656722725
14.93,-0.905075506093303,3.404754587597798
14.94,-0.74755114076209,3.0340099295484597
14.950000000000001,-1.220290584628367,2.733305450258909
14.96,-0.6254539850341966,2.373140036141707
14.97,-1.5312300464854531,3.2750698899036736
14.98,-1.0739474502826898,2.5736274241458483
14.99,-0.7674853048759649,2.4645637935303872
15.0,-0.0784189717281943,3.8557466844377117
15.01,0.0559721016288425,4.564776118637473
15.02,1.050541340709393,4.289183238529373
15.030000000000001,0.6773575450927787,4.500832935423363
15.040000000000001,0.19837330561175004,3.920575466224931
15.05,0.820388340023965,3.416182228115108
15.06,1.9397930769650804,5.465774690569603
15.07,1.8055329849686057,4.2844556237882285
15.08,1.4219477105320928,4.281399205102646
15.09,1.9163764545619224,5.279068857160806
15.1,2.3767435578960026,5.144896021400965
15.11,2.4470935821883124,4.240993268378531
15.120000000000001,1.7664889709624307,4.75274279858367
15.13,2.5274513386402306,4.498750077414328
15.14,2.0532326651376787,4.370542618813446
15.15,2.9145201630102795,5.016934878201902
15.16,3.972707601706766,3.5265167035596336
15.17,3.4142270566846893,4.877250277231203
15.18,1.7501691406943551,4.907789462556937
15.19,3.524499867845098,3.780541737249953
15.200000000000001,3.4938899293300976,4.114582683168754
15.21,3.765488478759799,3.571578110612313
15.22,3.72024840999119,3.2748418944933584
15.23,3.0158462182010184,3.369379250661207
15.24,2.916416049802294,3.7374833418977653
15.25,4.907179945869082,3.488253189932475
15.26,3.927511636756401,2.2066813137223162
15.27,3.035265366344121,2.4836139997185565
15.280000000000001,3.6968276860112637,2.545528561502303
15.290000000000001,3.695957156116401,1.2612701902408716
15.3,3.3436674430960145,2.849916681508011
15.31,4.03928134047826,1.637924077179653
15.32,2.9894505267324187,1.5881384876458084
15.33,3.104712138417935,1.6610696799922486
15.34,3.7103646653848417,1.8497085554030694
15.35,2.101127643585508,1.3629639206810549
15.36,2.342903926770079,1.33501477836118
15.370000000000001,2.9548328400417856,0.9908064544174549
15.38,2.9799219742121883,0.9629245426045353
15.39,3.171201163279333,1.1859138380964085
15.4,2.1060375257503487,1.4841522824011943
15.41,2.6297690217270238,0.5319140447859046
15.42,2.3281732886420277,1.6608339188814756
15.43,2.620409867161075,0.5512812933310222
15.44,2.7997364982390573,1.208162202245189
15.450000000000001,1.5293128347629916,0.99161464419456
15.46,2.0707394409438913,1.0221493580283791
15.47,2.2807338007524525,1.9890095852197582
15.48,1.9339316864651277,2.3693406531306977
15.49,2.6448173868593132,2.315248895310023
15.5,1.915149876632877,2.4735351816993925
15.51,0.7680141190728716,3.186919223848515
15.52,2.777223798843984,2.2597490613768656
15.530000000000001,1.5816877937006588,2.1978776681741286
15.540000000000001,1.1676093210883411,2.285352685518677
15.55,2.1393925254234105,2.735088170368802
15.56,1.645590996542255,4.352349728505937
15.57,1.6537063150560232,2.949972232684399
15.58,1.2142093729689967,2.9326273669718494
15.59,0.5853974933457994,2.5093963922859066
15.6,2.4296970618207294,3.86250819638371
15.610000000000001,0.5704800294431903,3.0024794711222857
15.620000000000001,0.6505249250848552,4.1622987222551036
15.63,1.123890050927827,3.223183771982809
15.64,2.064465426817836,3.683950682675241
15.65,1.7462713049222118,3.7431023815104805
15.66,1.1084848845707669,3.1902543969243977
15.67,1.2342641898497837,3.962885338815699
15.68,1.6512023438855699,3.494503800104958
15.69,2.6552205989797923,2.7541616330974112
15.700000000000001,1.1992404355872457,2.9401046929543266
15.71,2.0874053009325375,2.6617895718126183
15.72,1.6311130193529975,2.4936403172691732
15.73,2.534427726604363,1.523291442064982
15.74,2.329845705240785,2.21326379888891
15.75,3.0681383681542305,1.75981157226609
15.76,2.912260977856928,1.382084508758673
15.77,3.51097542845972,0.8894007658614412
15.780000000000001,3.2267229128165984,0.8490905591683156
15.790000000000001,3.5344489617351202,0.020523222919962003
15.8,2.80297459619092,0.9886129257386548
15.81,4.149559228275882,0.7931187872780974
15.82,4.087752139735906,0.35189313485213114
15.83,4.741166557318136,-0.18230824781600063
15.84,4.126578569317747,-0.6375175598466745
15.85,4.540475212614174,-0.24330132461232873
15.860000000000001,4.9266079248395656,-1.15993480343029
15.870000000000001,5.600160394620966,-0.3422439272111931
15.88,5.088394309893996,-0.6475445520188002
15.89,6.178809150617707,-0.40133855130295487
15.9,6.219673159850416,-1.1217389277913343
15.91,4.912903033971705,-0.29498749722234574
15.92,6.09910948272775,-0.035460388211592864
15.93,5.166149896931285,0.1195925518944736
15.94,6.144988478645628,-1.0839020555978758
15.950000000000001,6.100861534068452,1.1741966594346676
15.96,6.9467633389727155,0.8651007136841014
15.97,7.1646068038289865,0.23931835856916422
15.98,6.378877083150486,0.24888380044772318
15.99,7.032473228251453,-0.45244184495930023
16.0,6.363999906690252,1.1130069990194484
16.01,6.430380356546625,0.29832387012638945
16.02,7.72705178342304,-0.18010564944704754
16.03,6.59853501438877,0.12815364099603443
16.04,5.68193723087014,0.3842343263376031
16.05,6.71587981536503,1.8378526630914218
16.06,6.872573709019714,2.166660592670366
16.07,7.443366436850397,1.479003260155131
16.080000000000002,6.0332608566534365,1.3979082005634367
16.09,6.78582271735567,0.9878602139566224
16.1,6.754928655825681,1.8344618299235929
16.11,6.679697845202539,1.0186770674501258
16.12,6.394645538039025,1.55210435029111
16.13,7.084615882015322,1.1895715759198735
16.14,6.580598996062028,0.9406675986890062
16.15,6.365740297490203,1.4144158641423623
16.16,5.587337970484574,2.645545133734862
16.17,6.4185559437346615,0.016535338425397672
16.18,5.374798569991143,0.8488003268185237
16.19,5.092920609319044,0.547698254440929
16.2,6.076009360953626,0.0780414848486195
16.21,5.983759277242729,0.13472830602236902
16.22,5.369184742057555,-0.4507568684354283
16.23,5.504093292002563,-0.7553344314831505
16.240000000000002,5.221259299549728,-1.161346801925477
16.25,4.9721512070899685,-0.005602566845049783
16.26,5.273340476682692,-0.7138016656475742
16.27,4.540349674226313,-0.16384304488711665
16.28,5.018584652455708,-0.6275129500453206
16.29,3.9310439273772406,-1.1109285472452444
16.3,5.158322695959939,-2.587255093010273
16.31,4.243992479039854,-1.6333311394645749
16.32,3.9475270353417127,-1.5430274390940033
16.330000000000002,4.374694666348362,-1.6476612585269863
16.34,3.9288797349532656,-2.6214246784742223
16.35,3.1786004962463608,-2.016611856240118
16.36,3.498488384126959,-2.7246022955284643
16.37,3.7990196080847234,-2.4731455991957296
16.38,3.919850489856818,-2.429199215181474
16.39,4.064838962042787,-1.6185285795243365
16.4,3.2400981755213376,-3.554229836836573
16.41,2.961076059813838,-2.3768439530599594
16.42,2.6658607605773863,-1.9516158573885618
16.43,2.693019570671411,-2.764920440145726
16.44,2.413798501939477,-2.430311306959339
16.45,2.039155624295781,-1.9729875560941803
16.46,2.9491841413035824,-2.114991004366367
16.47,3.70750817785142,-2.113105968591735
16.48,1.6539813296837165,-1.4927426065602873
16.490000000000002,3.441801770683759,-1.6796074307917612
16.5,3.6088398077318633,-1.6918558555217715
16.51,2.017187628151391,-1.158726136122929
16.52,2.973901170238212,-1.0633118659102638
16.53,3.154381057319794,-0.8779157923972579
16.54,2.8833416354014503,-1.0529816161496028
16.55,3.2603437660981305,-0.6197261380328395
16.56,4.171618815057466,-0.2807987248747654
16.57,3.256884738114969,0.08167246812352924
16.580000000000002,3.7282065129079927,-0.44435719227787607
16.59,3.901830866984665,-0.7186060254273536
16.6,3.5336864248047637,-0.6225171144737003
16.61,2.677216403028528,-0.04287068424022514
16.62,3.745381601108041,-0.7538366419338014
16.63,3.9574978121475017,0.18005306107446772
16.64,3.7082307581436726,-1.317033930155957
16.65,4.2766405725790415,-0.319668139869713
16.66,4.095422243431651,-0.4042197502176803
16.67,4.162536224503661,-1.7350221528581862
16.68,4.467153318123423,-0.9738601481378824
16.69,5.193737874473079,-0.730683062378477
16.7,4.07445743118032,-0.9211294025288326
16.71,4.223389987477876,-1.8525850127231398
16.72,5.520102138033083,-0.9883792903216604
16.73,4.918934643933539,-2.4141072369913292
16.740000000000002,4.185206848486251,-1.9403313296359013
16.75,5.1825512591204745,-0.9473595441645102
16.76,5.541080487835858,-3.16921428480399
16.77,6.07429392812071,-3.0537529839590203
16.78,5.859384077303489,-3.2588980888654984
16.79,6.140042696913183,-3.1006730716660336
16.8,4.543143420334534,-3.791334171987226
16.81,6.07402970812357,-2.4657303126433754
16.82,6.3861158618642415,-3.3329291166767034
16.830000000000002,5.55403466346512,-4.0555920699950505
16.84,5.362444220736388,-4.781638061087175
16.85,6.260876864717108,-3.6129597292155227
16.86,4.754887363329457,-3.62574083607864
16.87,5.889352953078378,-3.5410329097897906
16.88,5.124980560692786,-3.9381830039897436
16.89,5.967935230972994,-4.228911516124678
16.9,4.442713573442683,-3.869527599065654
16.91,5.127775424364973,-3.4470450754927784
16.92,5.431889076324034,-4.261249479621205
16.93,5.829938266735081,-4.171711947198315
16.94,4.190062934288,-4.0384665832124025
16.95,4.505362053303267,-4.132874464992509
16.96,5.620988400785197,-4.672671372102197
16.97,5.303653000772954,-2.2137628111747008
16.98,4.530846586468288,-4.122761602361624
16.990000000000002,4.988882389756665,-3.0607991099684457
17.0,4.397399599090615,-2.4198855339162884
17.01,3.8907610535999564,-1.9970391368126907
17.02,3.714956328921351,-2.44831453207038
17.03,3.0964378598352957,-1.7722460657255215
17.04,3.719908233766883,-1.6803735739921182
17.05,3.092669814532838,-2.54293537431235
17.06,4.028115542010436,-2.402462468166786
17.07,1.9980557094062878,-1.3769083669394537
17.080000000000002,2.92188161504,-1.294935489483397
17.09,2.846010716351005,-1.4953941558774129
17.1,1.9970072643396959,-1.2799002203660865
17.11,2.1254874571492604,-2.5474355310129875
17.12,1.7622372505486805,-1.7001284486507404
17.13,2.66234803637892,-2.145367316963978
17.14,1.6005249548305476,-1.7083356125275775
17.150000000000002,0.5975498261521016,-0.992232404133441
17.16,1.6217532196080064,-1.7550088190834536
17.17,0.1265534159348216,-2.172516048582631
17.18,0.5632468141158617,-2.395391393622664
17.19,-0.6340954965692549,-2.3350577308782636
17.2,0.5821196983105872,-3.233536873330191
17.21,0.3981339554130876,-1.9041683764715853
17.22,0.03229050596707664,-2.939060228567824
17.23,0.09601617214965316,-2.5315751801904347
17.240000000000002,0.6741174577533249,-2.8587205099660324
17.25,-0.8154800713743793,-3.4883795239543676
17.26,-0.7449748329250203,-3.7758103571399775
17.27,-0.801890684841122,-3.9702305375716027
17.28,-0.05407481791259716,-3.5906646000271922
17.29,0.2533136060206951,-4.65553072265308
17.3,-0.5522390715306296,-3.992410214221295
17.31,-0.6561260914024593,-4.952437365832826
17.32,-0.5141902168171828,-4.993749091765073
17.330000000000002,-0.9825874012241967,-4.587065654311356
17.34,-0.9912432959680464,-4.004258754500434
17.35,-0.6845866048936284,-4.427964604843205
17.36,-0.4774199005345128,-4.5148264649487375
17.37,-1.2189575099674468,-5.580897673559024
17.38,-1.6288851287644808,-5.704447834993192
17.39,-0.9792358715476641,-5.596172110354925
17.400000000000002,-0.4559792806366073,-5.523367497414137
17.41,-0.5537456398407641,-4.942889073949594
17.42,-0.832544570577282,-4.733807857784103
17.43,0.513708478463403,-5.18933892448642
17.44,0.2341090101349964,-4.339128048069121
17.45,0.4951724721393622,-4.623536163703245
17.46,-0.5253727788603655,-4.766454789076954
17.47,-0.4398258423749968,-4.779470308971892
17.48,-0.3957625807496284,-4.156118421876279
17.490000000000002,-0.5890571068218695,-3.845681334122218
17.5,0.6000177428756679,-3.5266743728011867
17.51,0.06656390748547117,-3.994091317613935
17.52,-0.22759312450632832,-2.906682698094503
17.53,0.16898174299214103,-3.5022494899086234
17.54,-0.04727829585220078,-2.9876337741499714
17.55,0.7008156166055425,-3.4061043952637107
17.56,0.8044317595483286,-3.0149642935554803
17.57,0.20849126168858634,-2.48963111324444
17.580000000000002,0.7583858512168286,-2.0657715563499064
17.59,0.7162317772930444,-2.4990593614694987
17.6,0.800218569980789,-2.5699263043738525
17.61,1.362584040854786,-2.010343214498242
17.62,2.2447351616131823,-3.039703519991232
17.63,1.0601607618247768,-2.758167837992229
17.64,0.9872157925080625,-2.835909352843506
17.650000000000002,0.9292542238344145,-2.6904439432999685
17.66,0.4905155178967832,-3.824745574190776
17.67,1.749037211924306,-2.5155076690002622
17.68,0.2348511044171273,-2.4777990043575846
17.69,1.9467995096541064,-2.0212551055751367
17.7,0.9508739510113863,-3.273359670742426
17.71,1.0630592143197222,-3.793047710738451
17.72,0.960600909248196,-3.4236402975329105
17.73,0.48551807654778556,-3.654137704268093
17.740000000000002,0.17858597594664155,-3.622721350355355
17.75,0.9231926660182553,-3.8844652783311515
17.76,0.7950410659642587,-4.815171181632761
17.77,0.5690180206955007,-5.070219976135816
17.78,0.19752935221447934,-4.20164326236975
17.79,-0.3350015050043237,-5.433816234785986
17.8,-0.09377792035803698,-5.529115270660188
17.81,0.48035263085347124,-5.1749759698898
17.82,-0.30526778537247395,-4.443672569676121
17.830000000000002,-0.6722498367019036,-4.881965063065594
17.84,-1.3100233538332238,-5.282036348263103
17.85,-1.4315858268956796,-6.083995996342233
17.86,-0.930737006366795,-6.419633699694459
17.87,-1.653006097868412,-5.080836371301712
17.88,-0.8750544477370406,-5.216653020142712
17.89,-2.216141609773106,-4.956620819248715
17.900000000000002,-2.7239862015465937,-6.319572988014514
17.91,-2.148733292935102,-5.47819464973536
17.92,-2.4039642402692,-4.139184940197264
17.93,-2.744549165899495,-5.654236647542422
17.94,-2.686864542926695,-5.008754293565719
17.95,-2.7870854660071096,-5.070160700999778
17.96,-3.1719921451528807,-3.656717196560531
17.97,-3.250405070958968,-3.903096873424157
17.98,-3.2065514914090443,-3.8439638731389794
17.990000000000002,-4.724700033609562,-3.61563163870412
18.0,-3.7177920861875635,-3.8586835087822857
18.01,-3.681625625989969,-4.281679267619921
18.02,-4.372765769051616,-3.9114147112139364
18.03,-4.3000909688012445,-4.048851741442397
18.04,-5.123243075302559,-2.9990611177669506
18.05,-4.060706766508036,-3.0868804084643475
18.06,-5.079624549196791,-3.2778795545861423
18.07,-5.0934694840837516,-3.275902500628604
18.080000000000002,-5.385793588526636,-3.0779388922343682
18.09,-5.277067774663511,-2.1635493656108284
18.1,-5.658073623565454,-2.484860729408916
18.11,-5.554370932377065,-1.8772664506563208
18.12,-4.159408597865902,-2.309113621142853
18.13,-5.881482860143062,-1.9469292456168739
18.14,-5.614573682876907,-2.072601764104411
18.150000000000002,-4.99247713642283,-2.372412079195648
18.16,-5.149358813177831,-3.070156570889753
18.17,-5.627434392488602,-2.3668347587431393
18.18,-4.945279238646143,-2.6305577814463055
18.19,-6.051328516245854,-2.7715657014118613
18.2,-6.158102123214395,-2.613209410190343
18.21,-5.780204957397423,-2.4544242845784026
18.22,-5.703010931315193,-2.8009788128247273
18.23,-5.061823461934735,-3.772574628337236
18.240000000000002,-5.541364215351513,-2.6946600577327158
18.25,-5.6234090847968385,-4.01479926403414
18.26,-5.796748808058078,-2.8178519234596298
18.27,-4.7588987673011705,-3.3553606109742242
18.28,-4.280317669364948,-4.246008608651814
18.29,-4.261944336925942,-4.2825240717873365
18.3,-5.217850662981991,-3.662075601187334
18.31,-4.850212713425597,-4.854159805654279
18.32,-5.136498035484223,-4.304017718878493
18.330000000000002,-4.221138432724882,-4.990083366021865
18.34,-4.4418041050337616,-4.585565278070349
18.35,-3.9526879455569413,-4.852999068659716
18.36,-3.5863169991085266,-5.06721726143905
18.37,-4.213264399188284,-5.989518520732712
18.38,-4.076273771702487,-3.9977515339431005
18.39,-3.036837683789959,-4.899099038360584
18.400000000000002,-3.830689628657513,-4.230317549085697
18.41,-3.225389755790653,-4.720221730152964
18.42,-3.305849892451443,-3.5496413645790335
18.43,-3.086040942827045,-4.756082179336944
18.44,-3.1164125229696955,-3.8042312838923964
18.45,-3.07226881047509,-4.12380917540165
18.46,-3.1843073094422416,-3.5343641489042295
18.47,-3.136906189760256,-4.573143267734265
18.48,-3.342148986249377,-3.906308226658452
18.490000000000002,-2.7440160645000606,-3.182531318901008
18.5,-3.1557493814858883,-2.491287694405494
18.51,-2.6518574610616827,-2.606747631568924
18.52,-2.908250911373705,-2.845019732765457
18.53,-3.107139545103472,-2.3982853320515995
18.54,-3.3217588426505706,-0.9540596183317549
18.55,-3.3611844744568806,-2.5499167839497856
18.56,-2.6913597469712958,-2.0180268608834533
18.57,-2.96864730109047,-2.5181992894392486
18.580000000000002,-2.7445432050423957,-2.3527402319780695
18.59,-2.840500758604583,-1.7929144749200439
18.6,-2.417783904427861,-1.9571095000054757
18.61,-2.707235561719885,-1.0453740303550572
18.62,-3.9343318195327908,-1.0912177860427767
18.63,-3.249608791116711,-1.4665248637957122
18.64,-3.4270758473876,-1.0838692354283601
18.650000000000002,-3.843879883403231,-1.2992549259994868
18.66,-3.093147310332997,-1.2317221355817818
18.67,-4.056655425375297,-1.1269182071965087
18.68,-2.8424429736357757,-1.9099603711096047
18.69,-3.6546018201520085,-1.830913303756275
18.7,-3.877321618996315,-1.1173949937535126
18.71,-4.453834652800147,-2.381775117154108
18.72,-4.414096083447916,-2.331712748790231
18.73,-5.446793861951038,-2.2748720153233957
18.740000000000002,-4.756652939755687,-3.2964197367129575
18.75,-4.721873451757046,-1.9766860085081848
18.76,-5.039961450318343,-2.1346950241703078
18.77,-5.242202287134367,-2.7503389522313655
18.78,-4.801248088412096,-2.9835510229137294
18.79,-5.698312878061102,-3.402755566766802
18.8,-5.594531593940426,-3.202126701267395
18.81,-5.908868967413687,-3.638079517823937
18.82,-5.8871115991077785,-3.1943957082074332
18.830000000000002,-6.205184101884725,-2.7867937388345885
18.84,-5.242055565430227,-3.2870835908301426
18.85,-6.5174374158019415,-2.778745135181367
18.86,-7.023214684865859,-3.636301101611573
18.87,-5.643077493858479,-4.324049571767864
18.88,-6.133179598066405,-3.486648121220241
18.89,-6.896413137993808,-5.075483122136722
18.900000000000002,-6.515172937906748,-3.407047691839855
18.91,-6.52251598955823,-3.599773672689455
18.92,-7.133215489205889,-2.6874378620143884
18.93,-7.053701207110704,-2.5888827263333867
18.94,-6.10301422500274,-2.575271053984132
18.95,-7.28859571054119,-2.369632845766991
18.96,-6.4067126347068815,-2.700536217275648
18.97,-6.954864392500789,-2.3299292045557767
18.98,-7.243077625429793,-2.0805095807458263
18.990000000000002,-6.606314384005575,-1.9243330281496263
19.0,-5.688168527524901,-1.6522325638311774
19.01,-6.241313881251916,0.07632748401764466
19.02,-6.621333371617743,-0.4704208393143354
19.03,-6.495702301044126,-1.3771833259080657
19.04,-5.209310228859954,-1.5792129796870045
19.05,-5.7356858078915165,-0.9956542244499267
19.06,-6.237051152159581,-0.6516069476917361
19.07,-5.680152369858095,-0.6346341721101998
19.080000000000002,-5.896223820949827,0.4970861967602418
19.09,-4.975926099830172,0.7598773669212129
19.1,-5.72284112807433,-0.2349915561379471
19.11,-5.593161231439224,0.8852971570213122
19.12,-6.195757285466824,-0.1047459882598753
19.13,-5.628842994747048,0.06552952772439322
19.14,-5.141357691790383,-0.11162379440119657
19.150000000000002,-4.73647993206259,-0.42220682189751746
19.16,-4.567449609797427,-0.45194332632537626
19.17,-4.523619345078323,-0.1280290465344811
19.18,-4.022827967639107,1.2215647094957562
19.19,-3.821265251557197,-0.339947746610657
19.2,-3.9982296040354215,0.01791639976299078
19.21,-3.779153179781961,0.28289841363610024
19.22,-3.6876774450195104,-0.465121038906025
19.23,-3.802348006713685,-1.0456666818910283
19.240000000000002,-3.001604475982081,-1.1072174116482407
19.25,-3.0896452959250498,-0.43939169242206316
19.26,-2.5125645928638147,-0.876767948042877
19.27,-2.5700511775557136,-0.4142401330416736
19.28,-3.0622993854294047,-1.0349552136246731
19.29,-3.6472419750037153,-0.6378586097979639
19.3,-1.7413749116727515,-1.2272432627335281
19.31,-1.9781590797827409,-1.7816991060396918
19.32,-1.7661588665981942,-1.8453876481060163
19.330000000000002,-1.207303130586049,-1.7302259612087216
19.34,-0.9477748445837544,-1.1240904596409633
19.35,-1.6585869007945417,-1.4847757371874946
19.36,-1.363865506196367,-1.9735293107381848
19.37,-1.4046764786072825,-2.0706507175040794
19.38,-0.8241366386461386,-2.348481433576529
19.39,-2.1614678762595307,-2.46195009758201
19.400000000000002,-1.5471209977994005,-2.138901589799355
19.41,-0.9952456273001136,-1.704003819086336
19.42,-0.1329930501839538,-1.3604727728351156
19.43,-1.3859235590707861,-1.2126466051593272
19.44,-0.8375917078368043,-0.435858766945462
19.45,-2.2951728493441608,-1.3859842269783578
19.46,-2.0572340891531438,-0.9976662090173223
19.47,-1.4757681732190093,-0.3096096722646108
19.48,-2.225106821229883,-1.2853408410407468
19.490000000000002,-1.6132894386367813,-0.2706806245340419
19.5,-0.6855221792728987,-0.32470782765610623
19.51,-1.4012621862813617,0.5145852697942214
19.52,-1.523017867095254,0.46508600427632085
19.53,-1.6740138860889575,0.9556593755072824
19.54,-2.467975849664211,0.8231828838447783
19.55,-2.5284321246274435,1.6450767626980916
19.56,-2.3407377948636023,2.269511288220689
19.57,-2.204440304471637,2.0255826080082544
19.580000000000002,-3.040268789125352,1.8474283053021054
19.59,-2.893192142431482,3.1106310996751683
19.6,-2.9411006551002994,1.9984976051523426
19.61,-3.1312762569767676,2.6029446399998126
19.62,-2.1501317893863847,2.4653204562504927
19.63,-2.909164630643148,1.803045704873792
19.64,-3.597429519975681,2.0828637712237024
19.650000000000002,-2.4516616315180135,1.6779425218849937
19.66,-2.8183935942455243,2.2278171753277696
19.67,-2.9373734731975247,2.2472234854963173
19.68,-3.200731084389414,1.802898176198962
19.69,-2.8111800470555663,1.6804938846985693
19.7,-3.844570165652636,1.9674483601078567
19.71,-3.6224897013967023,2.105424287189028
19.72,-2.2754531945441134,1.162834076895288
19.73,-3.64776650722053,1.356055113066691
19.740000000000002,-4.391722384435138,1.1813168950861295
19.75,-3.8197097263335373,1.5812790653931335
19.76,-2.6296615719869534,-0.01489663364989946
19.77,-3.4917100720654313,0.7258442651429425
19.78,-2.769977556979745,0.5804592767977765
19.79,-3.635374862250703,-0.8630275798854556
19.8,-3.754758410113789,-0.42650283809095046
19.81,-3.76352663729406,0.47251618057916533
19.82,-2.803538368560991,-0.2978704337571946
19.830000000000002,-3.0439520364266457,0.5204365784992699
19.84,-2.853403547597105,-0.28212450255266625
19.85,-2.3291219080591627,-0.22997783165050978
19.86,-2.826748650646893,-0.4984444507580971
19.87,-3.289426110308675,0.17872786768344737
19.88,-2.6854317283706783,0.2772913527440131
19.89,-2.7867465278299965,-0.3413028250736775
19.900000000000002,-1.6537361242581983,-0.5816823887828317
19.91,-1.3766861059285471,0.2919974465956444
19.92,-1.9137912708491656,0.625642263814078
19.93,-1.9171835550143492,1.2468178747709002
19.94,-1.509690868663989,0.6698699716801066
19.95,-0.4938077478183245,-0.0008145239659753667
19.96,-0.8484899108022909,0.7063807359673309
19.97,-2.053649248530925,2.442691434637132
19.98,-0.7459219039601093,1.0083017597582071
19.990000000000002,-0.32440272770363043,1.5354788252658655
20.0,-0.7255371915411115,1.374614678258287
20.01,0.9607117088756549,1.6078507651437683
20.02,1.0933541089736711,2.524258128910608
20.03,0.5267429000724074,2.4140698685419952
20.04,1.2544749452891624,1.9248792139852247
20.05,1.2721421163834405,2.8819847303695973
20.06,0.5451198333958804,2.9649630064472325
20.07,1.5552352953812558,3.352049857113645
20.080000000000002,1.4314897006478935,1.6841384645618065
20.09,1.3100556161344163,3.534058289286098
20.1,1.8156134770898993,3.560945033051556
20.11,1.476078163199112,4.501119293138105
20.12,2.2638356337591556,3.04759452573281
20.13,2.6563409679717407,2.643616019816527
20.14,2.9500666643734,4.9960665441619465
20.150000000000002,3.310078837384321,3.689817244109624
20.16,3.291087417367034,4.541829289909137
20.17,3.4225460362914792,3.9878447994043102
20.18,3.382629920408626,2.8762652234221413
20.19,3.125229158477973,3.8988202411318573
20.2,2.5747026257788046,4.118171780216171
20.21,3.6895252666484035,2.8046493243703994
20.22,2.9148951447620837,3.135772264119366
20.23,2.9226299061213257,2.4342608520577746
20.240000000000002,3.2731058255485728,2.347021143394363
20.25,4.057322553255286,1.9357992897464518
20.26,2.36521931051538,2.6348307338393706
20.27,3.8092125797895537,2.4533075396511
20.28,3.8218303519947585,2.313073271821784
20.29,4.049659924720221,1.0638663223062463
20.3,3.0887176782259544,2.1965880360146586
20.31,3.7669268556669326,2.2951452899324867
20.32,3.8100152838440215,1.161161131730134
20.330000000000002,3.9372297836286054,1.9707453551235186
20.34,3.55163641404492,1.0548396962489872
20.35,3.51959484076955,1.9380555654431846
20.36,2.5148009553141772,1.2287794867729191
20.37,1.7897434028262014,2.368313789798515
20.38,3.2819792640460252,1.426835440016095
20.39,1.792518254889199,1.5856827603386228
20.400000000000002,1.9725938182720149,1.5435011961245746
20.41,2.707189308778852,0.9753207068092163
20.42,2.194731574435304,2.2966855371282184
20.43,3.325468559446956,2.4267490279997888
20.44,1.6679316862441114,2.7439592268047273
20.45,2.1903344141435994,2.408972552030234
20.46,2.176018919609033,2.4889525730601494
20.47,1.8847651707464377,2.1015937206158117
20.48,2.877241216138544,3.3280045772065847
20.490000000000002,2.0722867835143974,3.622025586590234
20.5,1.6199497466497061,3.426470587495899
20.51,1.81818063833785,3.416241651691402
20.52,1.547972711664099,3.647529394385376
20.53,2.1139271213338144,4.264543451609756
20.54,2.1152182557157033,4.503404742695021
20.55,1.8114800385562937,3.392891047468198
20.56,1.2408868982699102,5.226129336437439
20.57,1.8619781395746962,5.239274027507513
20.580000000000002,1.6075716721163582,4.043248887785621
20.59,1.0546480302597578,3.8582652247979157
20.6,0.8524137623775244,4.352878339856575
20.61,1.5222576030133352,5.033218955351923
20.62,1.471847982768244,5.360068230371942
20.63,1.9043323382892132,5.1476310643989285
20.64,2.001984554248678,4.967088065704763
20.650000000000002,2.9641698974700486,4.961382654997214
20.66,1.524047889619304,5.440755948876946
20.67,0.4996082897943339,4.966290694773106
20.68,1.9634636108872268,4.576378871517192
20.69,2.8533423944089362,4.870325561812902
20.7,1.6613400085817465,3.7601907937190986
20.71,1.571395372296224,4.313701377856142
20.72,2.421479067803069,4.142383655019435
20.73,2.2761752977711023,4.114514940141601
20.740000000000002,2.8518476523564664,4.1898784085401495
20.75,2.972314483322187,2.7542728018748113
20.76,2.9692158510555986,3.6328640809654695
20.77,3.565103445518265,2.353634946504058
20.78,3.3681472208161907,3.45600643373854
20.79,3.9199208592655035,3.793106354871769
20.8,3.2390475685785693,2.5055131254797933
20.81,4.963570677019836,1.4384685714897596
20.82,3.7256601712605604,2.823138196456217
20.830000000000002,4.621490748391802,2.6072291846578515
20.84,4.6812183345340435,3.3205097552505842
20.85,4.592310850740904,3.4758837027507337
20.86,5.246315915102679,2.2139457162835985
20.87,4.629212326539898,2.608723792295378
20.88,5.2189339889519655,2.2718243552556103
20.89,5.672962870218781,1.664051672108981
20.900000000000002,4.5411226102149715,2.2916044352488516
20.91,5.549957261627242,2.5687164874404513
20.92,6.268248161247153,2.5967060718367376
20.93,7.12896609826132,3.30557142403745
20.94,5.991446909491355,3.670258998360734
20.95,7.063933547391341,3.4661718664167545
20.96,6.090926829734639,3.0165974507828546
20.97,6.203029411423488,2.8674242999061814
20.98,6.736533056940165,3.3139519169496334
20.990000000000002,6.287609095449766,3.520414942173326
21.0,7.076690604200503,3.061167111398343
21.01,7.710895129683157,4.5781566570467245
21.02,6.665923446483034,4.159628477408689
21.03,6.768664702122961,4.265649024522665
21.04,6.907755235539757,3.9418260635775617
21.05,6.640370159657409,5.31716052542642
21.06,6.268611522688971,4.659108458694008
21.07,8.087166764818601,6.265412896266046
21.080000000000002,6.853154677711503,4.790638776326262
21.09,6.918283156025656,5.548353282340867
21.1,7.653913001634532,5.319308585095855
21.11,7.725369958055101,6.17806060461568
21.12,6.864993739327124,4.977793829331036
21.13,6.145862420009817,5.440251311417236
21.14,5.991367207738962,5.340354631735751
21.150000000000002,5.640380968592923,5.086517237585415
21.16,5.886912612162109,6.31224406083919
21.17,6.928992190788802,5.06685040051254
21.18,6.1326743898472005,5.311081423791411
21.19,5.219295152847297,5.172177979667552
21.2,5.911728657402811,4.940043377805047
21.21,5.401759552204982,4.691824872193444
21.22,5.0671383446109175,3.952229893917769
21.23,5.599808216861534,4.671546935302636
21.240000000000002,4.869057507463417,4.485511449716122
21.25,4.664067829339989,3.341881996928667
21.26,4.80222461460778,3.6223928468287907
21.27,4.602937370494099,3.442507978482449
21.28,4.683818444218373,2.274262993326385
21.29,4.231978426754517,3.483513916450631
21.3,4.391852302186443,2.202084798492914
21.31,3.4629509918191603,3.670263319130757
21.32,3.717006078358282,1.4801927753163469
21.330000000000002,4.396900898692833,3.515011830924303
21.34,3.473387223556065,2.7383513804352426
21.35,2.7501127109770467,2.5459826054711874
21.36,4.098213360961818,2.5451827743653355
21.37,3.582698055368957,1.7275577921418601
21.38,3.265676898693424,2.6919128224692015
21.39,3.150941497038545,2.493138148426843
21.400000000000002,3.292815761567429,2.832193124259418
21.41,3.385614439047605,2.80249776565592
21.42,3.3143176694394687,1.8344865655615374
21.43,2.7925370351853673,2.8092521540114648
21.44,2.8775071986391105,3.434470821860547
21.45,3.473409674845934,2.400619270838451
21.46,3.523980706569554,3.5862766787936273
21.47,3.3871706276011473,2.6999911515594195
21.48,2.2727466532302825,3.399298213778164
21.490000000000002,3.8334449402623365,3.736494459445156
21.5,2.8838613411767864,3.37590291426436
21.51,3.2829097956482185,4.721773000751023
21.52,2.9273446957076583,3.8566115332080506
21.53,3.1502090582891413,3.997469199073551
21.54,3.731229244080425,3.729196989132612
21.55,2.030857562767043,4.766954377285488
21.56,3.1512850826307437,5.1370214282892315
21.57,4.025722216256185,5.3152267347018345
21.580000000000002,3.2417650431268967,5.244488148220546
21.59,3.954533471872676,4.221350070773885
21.6,3.4177893971664544,4.48441586417387
21.61,4.604972468374016,5.412160710748846
21.62,3.7774339786234097,5.45054451928067
21.63,3.3519647157296184,5.174592348884304
21.64,4.121789430252509,4.608551113604419
21.650000000000002,3.8228048391704097,4.331902418726565
21.66,4.2902198169804455,4.700867025785772
21.67,4.401082253762536,5.2333879658761795
21.68,4.576624003878857,4.2834500218178135
21.69,5.280221460381108,4.079212635681291
21.7,4.760176553599175,3.998084674714139
21.71,5.6560906113460225,4.8738539593506225
21.72,4.874206991468058,4.572069961277128
21.73,4.758356878333698,3.887473418035255
21.740000000000002,5.105815856463287,3.9070469075853986
21.75,4.88287473860685,2.934589196634965
21.76,4.871120001930104,2.9971767598648995
21.77,5.781828896605353,3.30167763897226
21.78,6.39754359598826,1.8639606432606428
21.79,5.64113057368807,3.4121952752503573
21.8,5.376268740272732,1.2360175038721222
21.81,6.0625740759654,3.1477703004900057
21.82,5.660285708021477,1.5787409399954992
21.830000000000002,6.715948930772854,1.7310149173791987
21.84,5.708711266729551,2.24879984925342
21.85,5.364530269517237,1.8841853298190867
21.86,6.004180424263441,1.6414863884696598
21.87,6.284965729329828,1.5940195679687765
21.88,4.407209705894436,1.5231844468294131
21.89,5.464948169346936,1.9441330500023264
21.900000000000002,5.13245094022205,0.972586920267645
21.91,5.791267745214102,0.9596358308627588
21.92,5.136309809138004,2.363613315641545
21.93,5.768742963699997,1.8971061781244165
21.94,4.950514871705578,2.8150510830429116
21.95,5.232654282660574,2.372180663783353
21.96,4.278076136267493,2.280804493482926
21.97,3.543847443547084,2.1980787130892865
21.98,4.59450018921553,1.2764982638189097
21.990000000000002,4.05290042622424,1.7641698179329866
22.0,4.0210574289350935,2.409049734613069
22.01,3.482728718813894,2.9421527292602963
22.02,3.1883996539049786,2.538608951046432
22.03,3.339365118302871,3.0724517796425594
22.04,2.932485462683344,3.983337225969004
22.05,3.2342401184558347,3.982438249458076
22.06,2.7118732889857644,2.491571185235411
22.07,2.911028415595978,4.471046287767649
22.080000000000002,2.311789682227931,4.232804318231536
22.09,2.3511557677791606,3.76013043640686
22.1,2.2876409255813224,4.423228590444353
22.11,3.111844333159431,3.730365856937999
22.12,2.007875722215419,4.736841515638516
22.13,1.1518928370364176,3.6705090905266333
22.14,1.2988137316887678,3.595793343354908
22.150000000000002,0.7927243577412337,4.2156147472474945
22.16,0.0799916784443514,3.9969051401815
22.17,0.9952121831477008,3.0093675905618613
22.18,0.929089849261177,2.8035793852726316
22.19,-0.0031432323359639747,2.6498920597975593
22.2,0.18864230652869865,2.5330395003821042
22.21,0.2647770829009379,3.1096438687920704
22.22,-0.01016896061660377,3.4570040923077756
22.23,-0.1849730504113123,2.3042602810882227
22.240000000000002,0.8932031846403736,2.5002002388551654
22.25,-0.060704614279591396,2.628771427276548
22.26,-1.2083693254428347,1.4155043672001089
22.27,-0.6646959859736131,1.8488597857646218
22.28,0.15614917058770517,1.5714031203779621
22.29,-0.36001572955270106,0.8769448302050382
22.3,-2.076991231218771,1.6436729100325018
22.31,-0.4767487552675393,1.0521392283840132
22.32,-0.625387084822395,0.6383361478277915
22.330000000000002,-1.1719342848435015,0.19265168282182166
22.34,-0.34676308960880986,0.1035866085429773
22.35,-0.9651843947840979,1.03234112700786
22.36,-0.55690627151871,0.18646785292244814
22.37,-1.1644746393071284,0.7741766362432709
22.38,-0.9578724244493799,0.4289482848215512
22.39,-0.5858451891059518,0.12202625243059478
22.400000000000002,-0.8560395685599789,0.9294370096499647
22.41,0.2503152685966803,-0.48049344882538547
22.42,-1.7965466705941682,-0.021569517878579886
22.43,0.09289061916245189,-0.01158839696499031
22.44,-0.7153525553807839,0.6631179052926973
22.45,-0.5524592375971273,0.6884810251647397
22.46,-0.5446509212426308,0.3909477781735331
22.47,-1.230426494181933,1.2425605420063273
22.48,-0.5617825785697657,0.5931634989156164
22.490000000000002,0.14476334362687265,0.8641342897606826
22.5,0.3456321614744208,1.3876659059057919
22.51,0.1796824146443422,2.0134265543819625
22.52,-0.5626937425664691,1.879140152612461
22.53,0.17276997594674595,0.7049943688959392
22.54,-0.039280093202414046,2.1333095244403455
22.55,1.1624852437270656,2.563223970746168
22.56,-0.33105159636652054,1.0000899446248925
22.57,0.7858912000311611,2.121003251971924
22.580000000000002,0.4394450178972854,2.170831600183574
22.59,-0.19446250882014016,1.7555084402511119
22.6,0.5267703177903474,1.917276405699714
22.61,1.2441762774658347,1.88921340211989
22.62,1.3004347154860718,2.6190226300321937
22.63,0.7089609066537792,2.0061593264595285
22.64,0.5571368302349269,2.6184113212567945
22.650000000000002,1.2826763548871836,1.3958241677995753
22.66,0.6790079741506758,2.5123252912316625
22.67,0.39326958250196425,3.422555074038118
22.68,1.692674688034772,1.698929137007731
22.69,-0.08217794601532225,1.7929144509196324
22.7,0.5945322380455911,0.27988847590520305
22.71,1.2497612621573237,1.629301556096318
22.72,1.0711414273945445,0.8237409233536629
22.73,0.26832826051535824,0.5187468990476845
22.740000000000002,-0.26740949145209836,0.4461851904564277
22.75,0.48576311989848603,0.5938368161063978
22.76,0.7373970648056865,-0.2659049801509244
22.77,0.8279241914431922,0.21651230504274865
22.78,0.23506594548934953,-0.7786065315975917
22.79,-0.4768511159190026,-0.7034588508914245
22.8,-0.2910570145641369,-0.3751889797962138
22.81,0.6952284644171212,-0.6268606256532088
22.82,-0.5424380763445016,-1.4811001233162056
22.830000000000002,-0.15094226481330641,-1.4165082250992242
22.84,-0.9929798414996402,-2.9851423614858383
22.85,-1.0322628856524316,-1.269377451368639
22.86,-2.0803100501270197,-1.804286675762753
22.87,-2.2038290331824086,-1.8554749711396568
22.88,-1.8680458784760714,-1.7670029789141506
22.89,-2.818028351275628,-1.5675141294804122
22.900000000000002,-2.2654975636748764,-1.8260356302232488
22.91,-2.009670918343363,-2.184386290730866
22.92,-3.244066461440395,-1.9483313491335337
22.93,-2.2335336331688613,-1.3861128709378783
22.94,-3.3800017255077126,-1.5655000890815236
22.95,-3.0479980219955274,-1.0026207777899514
22.96,-2.9935644639857877,-0.22190380521424746
22.97,-3.876313765996034,-1.471376741438747
22.98,-3.2456188666752,-0.5773525458448082
22.990000000000002,-4.466112345163301,-2.270559644416893
23.0,-4.026935428768406,-1.473701205752361
23.01,-4.687234254150203,-0.559117064176565
23.02,-4.748975145529025,0.4930435241047885
23.03,-4.1897251494289165,-0.010600622392839876
23.04,-3.8386265159299677,-0.7202367384510187
23.05,-5.117324513879693,0.0878678720130252
23.06,-4.710837791554161,0.3207547005031043
23.07,-4.941524530840001,1.1992232585725229
23.080000000000002,-4.53083342133419,0.26503781281266575
23.09,-5.002392178817744,0.857439064377836
23.1,-4.796939900151804,0.8385818863181235
23.11,-4.962457643177798,-0.27388710700982755
23.12,-5.07222402067919,-0.2137085546605637
23.13,-4.762687553755216,0.7227861328015808
23.14,-5.55438448967499,-0.28526390727218065
23.150000000000002,-6.543635769389384,-0.21350058020413648
23.16,-6.181458961179579,0.21352754901355034
23.17,-5.157792688903408,-0.10645072051612875
23.18,-5.144621710251368,0.24589499821503874
23.19,-5.288614629954404,-0.08570080346191011
23.2,-5.570121855103275,-0.8833804076535654
23.21,-5.143378860223797,-0.5774107723789959
23.22,-5.603151498441548,-0.2016295697860938
23.23,-5.32312177933079,-1.2373888815321925
23.240000000000002,-5.711629702566987,-1.0131395415088789
23.25,-5.649980868772353,-1.9222654802208399
23.26,-5.4281620710903855,-1.2100083455234043
23.27,-5.974162147290866,-1.8429012863065073
23.28,-4.587469216758985,-3.040044923033318
23.29,-4.983390561240529,-2.840432445959202
23.3,-5.332239384349137,-3.595199434329051
23.31,-4.344291244917779,-2.8901648516843252
23.32,-5.272276680956454,-2.472865758448376
23.330000000000002,-3.6241837459589954,-2.993001311078841
23.34,-3.7882976286792034,-2.632694909390479
23.35,-4.777584156099202,-4.171685839656185
23.36,-3.464549705555404,-3.8804323832191328
23.37,-3.318282762203343,-3.1712335932185214
23.38,-3.9746358116350886,-3.491769943281434
23.39,-3.6580743821250943,-3.156825555983884
23.400000000000002,-4.26223853807168,-4.164444619850731
23.41,-3.1651628111810317,-4.200440543741185
23.42,-3.436097566806698,-4.00830801770291
23.43,-2.289639131836002,-4.148266619181527
23.44,-3.704822262021967,-2.7659300492322565
23.45,-2.743485229978523,-2.188539573798235
23.46,-3.35408196499027,-3.7278381060158674
23.47,-3.1127040663827783,-2.8058105447232
23.48,-2.3643705506913153,-3.5214244803714574
23.490000000000002,-3.932333455842368,-2.7541551995639195
23.5,-3.805730642395001,-2.862626731263043
23.51,-2.187746427557084,-1.4780742784532266
23.52,-2.6757240690907094,-2.2602512513768587
23.53,-2.457091151697705,-1.9143045581290685
23.54,-3.029301235908091,-0.6925751558866264
23.55,-2.8905890209125475,-1.0319167658782025
23.56,-2.9102936630485607,-0.59126651278282
23.57,-4.231042788840806,-1.155298605247756
23.580000000000002,-3.8283998537941035,-1.4282159301343462
23.59,-3.833759703590747,-1.3251610823135365
23.6,-3.0846303726263655,-0.7222614853038186
23.61,-2.8682042413013025,-0.8520764659138369
23.62,-2.793099058308584,-0.0788912925991565
23.63,-2.740103159538274,-1.1324340092180465
23.64,-2.441195101918484,-0.5494971343584432
23.650000000000002,-2.7501026624483,-1.0110048877876179
23.66,-4.110384160173877,-1.287940573376702
23.67,-3.598981374907388,-1.7408377924763552
23.68,-4.3376708161821655,-1.368028677167006
23.69,-4.314865506788573,-1.275951701575904
23.7,-3.9843860895912453,-2.424490821940172
23.71,-5.430147750552318,-3.6799903330229125
23.72,-4.43472951001564,-2.370716984712348
23.73,-5.497176642527932,-2.2729432977350985
23.740000000000002,-3.80957605854022,-3.0248767834951864
23.75,-5.30974932692895,-2.971888155588222
23.76,-5.242919035705685,-2.8702643529661644
23.77,-5.593315419301639,-2.8148709406281416
23.78,-5.953415071028807,-3.796549200538045
23.79,-5.292044684135702,-4.771165865522924
23.8,-5.825137986542861,-3.488135652727266
23.81,-6.048026674921244,-3.7642026114835936
23.82,-5.557095881168167,-4.322824136955134
23.830000000000002,-5.583241065128302,-3.2370560053917647
23.84,-6.1137130233913055,-4.8183071664897055
23.85,-5.6419343803673705,-5.043800855170883
23.86,-6.365814036199332,-4.340832540176526
23.87,-6.3559901042574065,-4.740929179880556
23.88,-5.526705650336427,-4.91182947314624
23.89,-6.308782381115294,-5.18130132057967
23.900000000000002,-7.618649753995955,-5.411168441298787
23.91,-6.442476394194828,-5.439043535950406
23.92,-5.762941153531989,-4.124955516489479
23.93,-7.409259366895702,-4.876990494458425
23.94,-6.321935438245285,-4.766733145995838
23.95,-6.103670986380988,-4.1601000062471245
23.96,-7.287763311432513,-4.143496560686726
23.97,-7.46643331727468,-4.37181817868959
23.98,-5.897403588157697,-4.058705176044316
23.990000000000002,-7.623515701876811,-3.5934165457444944
24.0,-7.38232095125321,-3.4819011333480248
24.01,-6.537628439879799,-3.0593920674515345
24.02,-6.478710566219658,-2.887057418004059
24.03,-6.958280702680581,-2.143388313652833
24.04,-5.979614637853388,-2.8309257797163476
24.05,-6.293746176842627,-2.010711475049759
24.060000000000002,-5.832156759699221,-3.5581694701306215
24.07,-5.6928455852837585,-2.2734084191956367
24.080000000000002,-5.736479065711973,-2.2042586574863705
24.09,-5.735845184811322,-2.3735309165660508
24.1,-6.098803289049151,-2.2829660629133732
24.11,-4.54323618230271,-2.0851622043967217
24.12,-4.833080988385812,-2.61705001276182
24.13,-5.004303031577919,-2.7610607240166134
24.14,-4.692585852036703,-2.1216129989371133
24.150000000000002,-4.091658473109756,-2.44978458543198
24.16,-4.015942883503255,-2.03702451333687
24.17,-3.7623365625307756,-2.463527659057393
24.18,-3.6763676628294513,-1.8939204659823488
24.19,-4.123911237490208,-2.505979863364454
24.2,-3.775041817957683,-2.778124609448132
24.21,-2.810591898326749,-4.106823901383677
24.22,-3.5223715229401753,-3.8021514602041315
24.23,-3.422479516467491,-3.9198412015805584
24.240000000000002,-2.7794551441848885,-3.6318353494790876
24.25,-3.1682667555479664,-3.5432900550117377
24.26,-2.917901937815601,-3.173570486585832
24.27,-2.5797615906120908,-3.663716176304566
24.28,-1.6236160450370312,-3.3599407051365597
24.29,-2.1396930259976292,-4.518180866640447
24.3,-1.185932387429808,-4.92352096102018
24.310000000000002,-2.0636191807926587,-3.4173308866295766
24.32,-1.5441431602324314,-4.752421738666775
24.330000000000002,-2.241115995349127,-4.428571217304809
24.34,-1.9041308774566092,-5.317600381846404
24.35,-1.7169611599294667,-5.485676587884941
24.36,-1.3449078205292466,-5.880800621458573
24.37,-0.8968378780627424,-5.216661327841443
24.38,-2.172102865890783,-5.567699649678273
24.39,-1.6617752008691102,-5.411430470065441
24.400000000000002,-1.3006029288154564,-5.248571030223813
24.41,-1.0098596402286324,-5.291010877478406
24.42,-1.3304552637213232,-4.7677318241321345
24.43,-1.5309901458263186,-4.571929536891574
24.44,-2.170411005126412,-4.294941860009599
24.45,-1.230047150443536,-5.653896988061863
24.46,-1.5858559671228225,-5.365099253618411
24.47,-2.3065375827928625,-3.9202533905541146
24.48,-1.732480236959655,-3.867422449570173
24.490000000000002,-2.0429562033237696,-3.754786638115007
24.5,-3.476096008981888,-3.842497555710427
24.51,-1.3859197209424121,-4.539629387335237
24.52,-1.3610463176751004,-2.8235903237324687
24.53,-2.0732781953931156,-3.0572640968981517
24.54,-2.282288563728264,-3.8358388497275078
24.55,-2.4893046953108864,-3.0550942050869807
24.560000000000002,-1.8451278806486608,-2.940507319348104
24.57,-2.9920221088045587,-2.4657349017147383
24.580000000000002,-2.0649324607251374,-3.5584346368861697
24.59,-1.9332951071161322,-3.259805864291891
24.6,-2.7135571561143323,-2.1499077795934602
24.61,-3.5217451335203074,-2.6068437155924795
24.62,-2.681038585481256,-2.504198234853272
24.63,-2.822596121517272,-2.294722617283814
24.64,-3.184355012797825,-2.945624320499215
24.650000000000002,-2.370249750821115,-2.266949406865103
24.66,-3.258742986745985,-2.3726277381454413
24.67,-3.622619807560464,-2.4420265639462517
24.68,-5.08098589713197,-2.027266546211992
24.69,-3.4775462412371674,-2.8147539976165636
24.7,-3.633702763184484,-2.2073590954086564
24.71,-3.0321175322214717,-3.0686776650365535
24.72,-2.166637111386624,-2.7539956206666534
24.73,-3.3074213144973803,-3.756774165621255
24.740000000000002,-2.921536075073793,-4.312626048607926
24.75,-3.2578749123800113,-4.010953760741162
24.76,-3.877449587049181,-4.377160004520155
24.77,-2.4570424045282606,-3.4675705457365713
24.78,-3.820894770468975,-4.8419788526868865
24.79,-3.3417852613848362,-4.661383156943824
24.8,-4.394164779289875,-4.955921356705732
24.810000000000002,-2.405891512671937,-5.476487650016055
24.82,-3.0667270556653587,-4.84860186847091
24.830000000000002,-1.8126422599919,-4.0510785282263635
24.84,-2.6850941372270913,-4.704367769756428
24.85,-2.4913337211782234,-3.9752837900045837
24.86,-1.736959300859443,-5.788489478631684
24.87,-3.4451068999185352,-6.393548648795578
24.88,-1.7655398934393531,-5.579939649859695
24.89,-1.3502498601735227,-4.879794006146201
24.900000000000002,-2.270324047194282,-5.879204567957768
24.91,-2.0573353801388174,-5.438153655204622
24.92,-1.9077208366923808,-4.9480506806803275
24.93,-0.7477207395883432,-5.3929184439975595
24.94,-0.7562548181301505,-5.139458197573952
24.95,-1.9291260655273073,-4.849607137902304
24.96,-0.9254738348575582,-3.9192876806465495
24.97,-0.36871348973281404,-4.042637838775677
24.98,-0.699058804139846,-4.167338308109325
24.990000000000002,-0.2006268804342671,-3.2564696483709787
25.0,0.4132501484192174,-3.43348267006779
25.01,0.6989164665445344,-3.1440723270043445
25.02,0.3281743760830108,-3.7301059441283515
25.03,1.0471138845475523,-3.719217583074722
25.04,0.3477689549435522,-2.996374223400429
25.05,0.30180435317144605,-2.8340581374383107
25.060000000000002,0.8071860828429064,-1.0932325630491928
25.07,1.6025429037946113,-2.2522074492472823
25.080000000000002,1.4195573891338789,-1.9907891453334021
25.09,2.0181710807611513,-2.257961972862784
25.1,1.496766290769667,-1.8175950050526555
25.11,1.7032259460330599,-1.5340858495257759
25.12,2.318226175636418,-1.696179448922632
25.13,3.4217964826003584,-1.4165795154359238
25.14,2.7605121422484187,-1.5155420681164844
25.150000000000002,2.216792803373355,-2.4692733124817994
25.16,2.590523080656165,-1.637865009691901
25.17,2.972286622189619,-2.444868843757675
25.18,3.0042506893507435,-1.7615168754996118
25.19,2.7553095135650847,-1.7225425596878134
25.2,4.014960625110746,-2.3258559782920325
25.21,3.427221611442534,-2.308719679366522
25.22,3.832854709874013,-2.2634876584493284
25.23,3.7459407060355936,-2.864834973897448
25.240000000000002,3.7702128998395237,-3.5343756318335204
25.25,2.6904382392085986,-2.2367197937502787
25.26,2.944477103139323,-3.444231870573299
25.27,3.1990560784339306,-2.834718925759165
25.28,3.797107925360397,-2.960442620284927
25.29,3.2310656726355025,-3.2862331080710723
25.3,3.322356705306514,-3.470473714170779
25.310000000000002,3.7491223130706253,-3.658098933000116
25.32,3.577302352459514,-4.9030088732085995
25.330000000000002,2.606052669921127,-3.6698875996161555
25.34,3.321801098130898,-5.286434644327045
25.35,4.268605938890164,-4.621776633895286
25.36,2.2941475817828256,-5.1168533122210045
25.37,2.768556851581656,-4.733911330618984
25.38,2.5680549764504175,-4.538995380080041
25.39,2.0565995096217558,-3.299405353784163
25.400000000000002,2.953673723818865,-3.471915623201945
25.41,2.1129649236449364,-4.33578467033675
25.42,2.751271989344403,-3.822736375095301
25.43,2.0716615211391867,-3.761007638635626
25.44,2.02397641504914,-3.4559505600478295
25.45,1.8884481184677833,-2.8208188175398057
25.46,2.1386259576634314,-3.2953487413597466
25.47,1.9799526728743913,-2.7156787056984983
25.48,1.1519994364825932,-3.4668845803552486
25.490000000000002,1.665001930686889,-3.3162967830155328
25.5,1.5046799123367613,-1.6914309060601092
25.51,2.0501177699567514,-2.2384244930404904
25.52,2.4331140102080298,-1.2522200475716398
25.53,1.7597684089813725,-1.0767094299081177
25.54,1.4639925777240974,-2.7883879285312627
25.55,0.7854163460411875,-0.17524433967120046
25.560000000000002,1.7261535902274399,-0.8439622604434147
25.57,1.374165060714252,-1.7516562932628035
25.580000000000002,0.8328876910868709,-0.007982414141131766
25.59,1.8189894349911753,-0.05741323233506768
25.6,1.603814846388174,0.039125783995354824
25.61,1.1568937644179011,-0.7106474263567442
25.62,1.962646237210902,-0.5333362137496056
25.63,1.7075594105946392,-0.356157438283956
25.64,1.5874272382888541,0.6936552198702992
25.650000000000002,1.5332018986467586,-1.4890559237629521
25.66,1.9006044646619107,-0.397360290273537
25.67,2.3654535837832706,-0.45659452359783587
25.68,1.9848586944237572,-0.4178145556074217
25.69,2.3837815274445027,0.08969884955106777
25.7,1.8161116854053387,0.15795636547699565
25.71,2.2771028798089423,-1.7929676486796635
25.72,1.9716590293880074,-1.0080006546274958
25.73,1.8158613796260767,-1.156864405916837
25.740000000000002,2.469682488876221,-1.6032434978155308
25.75,2.873820811905245,-1.394035564443625
25.76,2.499739181473668,-1.325393821901201
25.77,3.489213259149781,-1.4911045434760501
25.78,4.095867431845785,-1.8469617982981028
25.79,4.098448746049773,-1.0180097330583884
25.8,3.952903248557082,-1.481559872798803
25.810000000000002,3.614345637763687,-2.349272557381964
25.82,4.361633787064823,-1.3839877167296482
25.830000000000002,4.057526282595567,-3.0489386520336845
25.84,4.156654499178423,-2.7085225082114794
25.85,3.9640546319017655,-1.9294472541619188
25.86,5.427942553973063,-2.938859320011516
25.87,5.334840477225096,-2.9742214449715965
25.88,4.60924833651083,-2.482665351323211
25.89,5.786365013122926,-2.7313536827157625
25.900000000000002,5.291924112076142,-1.5862131997907367
25.91,5.853746646960321,-1.8508817653432343
25.92,6.679727950114303,-1.7150444136352343
25.93,6.1537873534001575,-1.7266936123798537
25.94,5.659020422597548,-1.480714002421911
25.95,5.842350304677606,-0.9420221236704951
25.96,5.655437212562171,-2.3702940927998517
25.97,6.1368382072814525,-0.9272145631866769
25.98,6.843924147412792,-0.4829240265119432
25.990000000000002,7.4791690845602306,-1.1860208901601346
26.0,5.644562843883094,-0.4888204458896186
26.01,6.402854644815974,-0.14431247532895564
26.02,7.101314239573097,-0.5191000264858479
26.03,6.993481413849994,0.356420270457104
26.04,7.453112328424749,0.5752428969979418
26.05,7.123687345199675,0.5740312632359666
26.060000000000002,6.87103224777418,0.5452786105958038
26.07,6.917540166082058,0.12897887458045776
26.080000000000002,6.499777831453877,1.5875825505470569
26.09,6.308855112075327,1.6851973634250768
26.1,7.227481213753938,2.2230713597601133
26.11,7.160825161481397,0.9336354649033598
26.12,6.4187847280321,0.1287089724621473
26.13,6.455185537848832,1.0250056723511003
26.14,6.031124039028737,1.6408791397687397
26.150000000000002,5.325481280865068,2.661026037429721
26.16,6.3358542560803475,1.9213096752799586
26.17,6.15942079068196,1.1721815202238726
26.18,5.227016015791999,2.1162646576310133
26.19,6.522559007514192,1.8521555721471796
26.2,6.000621463080575,1.2001025075149143
26.21,5.6458338017149385,0.8466686653021782
26.22,5.40742486598784,0.8588355626506096
26.23,4.858804640799283,-0.18209289281123653
26.240000000000002,5.379131787023235,0.39233932068459165
26.25,3.939757083658929,1.0190560309637429
26.26,5.159849116997291,0.8549084869496955
26.27,4.697914014023057,-0.5297187474479964
26.28,4.757194371364689,0.7764834020276443
26.29,4.418996308313073,-0.8082644012695116
26.3,5.131868110905486,-1.4812018027513352
26.310000000000002,4.352152047702039,0.4535072678907721
26.32,2.9763408892558783,-0.5444490438226337
26.330000000000002,2.400880308693039,-0.21508257475983195
26.34,4.04258357319901,-0.6144976611313836
26.35,2.8877418878531107,0.023322422798931375
26.36,3.570031378453932,-1.3325127028283594
26.37,3.042635341330291,0.4632093318306635
26.38,3.8839285866634428,-0.8035265023106888
26.39,3.1256466025608014,0.5796651295696101
26.400000000000002,3.203028298826692,-0.5817045652795948
26.41,4.06506300823312,-0.2170796726317964
26.42,2.837458891188483,-0.44540095856424644
26.43,2.2464308858858284,0.5320563319360138
26.44,3.4670101372741784,-0.19624214008709867
26.45,2.320251019727391,0.37610141380095435
26.46,2.8436353654263065,0.1972486073407847
26.47,2.951888574740359,1.1588803408570003
26.48,1.9809804960989732,0.4922563717132647
26.490000000000002,4.106112208361536,1.3897988211895003
26.5,2.67391392713187,1.1506350269963894
26.51,3.1325378860956046,2.341452861587154
26.52,3.899464538435899,1.6926615341720965
26.53,2.451666375674909,1.665300705250842
26.54,2.9273099823970266,1.7820218520294495
26.55,3.138035193126737,1.9923332679213026
26.560000000000002,4.309112102587569,2.7620978839090378
26.57,3.2589366824442716,2.6962373970837117
26.580000000000002,2.985818855911957,3.020860164739344
26.59,2.9163410637393286,3.9648983804021363
26.6,3.9802259255669186,3.124748791031916
26.61,4.298035465549133,3.504359899324708
26.62,4.114903563914559,3.8825387242437497
26.63,3.4740025905320815,3.037401565708138
26.64,3.3548387323211424,2.89590073200335
26.650000000000002,4.216518053846272,3.002670007241348
26.66,3.907550454046045,3.8148632436721064
26.67,3.32582013668065,3.726219221132417
26.68,4.886844185960337,3.5725884016249236
26.69,4.387108831127581,2.3581532333384985
26.7,5.98030476739537,3.1976058100582456
26.71,3.5970974424415063,3.4272027164232313
26.72,4.901805721201828,2.9129475662419235
26.73,3.8649510837045917,1.817709063381991
26.740000000000002,5.287238709559721,2.336284819346669
26.75,4.743160249567891,3.0019044892596183
26.76,6.238651331124519,0.9483738428027977
26.77,5.208120539736876,1.8516228380745912
26.78,6.2459088627802295,1.877755892111713
26.79,6.071209196130358,1.677231058331522
26.8,6.120993217981165,1.8685680848672503
26.810000000000002,5.38835928024362,1.616043049489742
26.82,6.106015607443365,0.6010268747306714
26.830000000000002,5.833403364660694,0.6819560608486875
26.84,4.712829897189471,0.9120604305648435
26.85,5.290961224990139,1.6369073052146996
26.86,4.567773398757944,1.252197575540747
26.87,6.5381748541798155,-0.09926857129203492
26.88,4.688119308228596,1.0487250834113824
26.89,4.455721331560481,0.9655491177020399
26.900000000000002,5.092443454611796,1.8208476165982486
26.91,5.870623054657686,1.3273789498466997
26.92,5.5512698743505124,1.1660561691438842
26.93,5.079640910288427,1.9747740622280272
26.94,4.752275652167994,1.448761643152403
26.95,5.901116515192598,2.7462194372461437
26.96,4.583173884961656,2.1567162191388256
26.97,4.688425035406834,2.785217045468608
26.98,4.992693904687184,2.930646702626824
26.990000000000002,5.074629697554373,2.4073410443090832
27.0,4.549575772580717,3.122012155516628
27.01,3.8879635991382973,3.673262697373852
27.02,3.473448377587104,3.7085298712584764
27.03,4.059532669681341,3.397273912427086
27.04,3.350779563656758,3.5167879257225865
27.05,2.2160636613273037,3.81683282069801
27.060000000000002,3.211558592753129,4.222948555177795
27.07,2.6855527529451715,4.401580832168796
27.080000000000002,2.283612726837643,4.609238862964344
27.09,3.1570247206639888,4.7628573583916625
27.1,1.5458625474125376,4.184660007680493
27.11,1.5273950033377512,5.4922814087473615
27.12,1.4040829943274233,5.241629926814079
27.13,1.8239413468407633,4.406177224129965
27.14,1.2638599314681784,4.617172144099514
27.150000000000002,1.517070309437687,5.543321976378535
27.16,1.4131965455655648,4.346145622560918
27.17,1.4179061953754357,4.6849823788210365
27.18,0.01634275291604903,4.253355462753056
27.19,1.2291708321833799,4.038736440458165
27.2,-1.3172950221202668,4.770372757334981
27.21,0.26151462639824086,3.028115740915722
27.22,-0.791254588726734,3.521257817105649
27.23,-0.6409295995124256,2.790111867180479
27.240000000000002,0.07181742251674339,3.6294322153109824
27.25,-0.14975070223234632,3.610429232280237
27.26,-0.3320724994862553,2.3318483711014526
27.27,-0.45768306059349684,3.1213841947770398
27.28,0.12344487502937374,2.4258029112638697
27.29,-0.8277801011014341,2.6733111158105354
27.3,0.042117429218357705,3.3021451210416792
27.310000000000002,-1.2218584967110462,3.1154791521403125
27.32,-0.19836627520687344,2.710016409402066
27.330000000000002,-1.188650472414111,2.2869140447608793
27.34,-1.3147955519864527,2.210719270875725
27.35,-1.9075826832553044,1.933491274551031
27.36,-0.6532897227690946,2.2568806350558726
27.37,-0.3315004705063147,2.351252901853026
27.38,-0.16859003701122033,2.078632544738868
27.39,-0.14542208287072445,2.4910291130175515
27.400000000000002,-0.9012807036131892,2.795424817885906
27.41,-1.3228118373396516,2.5637432054410993
27.42,0.02675679847415413,2.782597042266066
27.43,-1.3715601702673879,2.396150764086892
27.44,-0.2046645713409101,2.0546858055244366
27.45,-0.5304007278829823,3.062737003009943
27.46,-0.233444965112502,3.2173634346149576
27.47,-0.630049618909916,2.737736092023125
27.48,0.0562419246943856,3.9926424759178185
27.490000000000002,0.6005321107356122,3.5527964591908296
27.5,0.4868489486948723,4.355817536375331
27.51,-0.17718555563929772,4.689780630623536
27.52,0.5402412756454822,3.0939910465388074
27.53,0.6174672231454097,4.567298451003947
27.54,1.1739021491759947,4.234712984630884
27.55,0.5976238426013251,4.119712990495911
27.560000000000002,0.5176536178635238,4.93536823635176
27.57,0.24279695293996673,3.9831674295729007
27.580000000000002,0.5771961883372795,4.379803135223769
27.59,0.3089449240598982,6.715156228095569
27.6,0.5553922822630991,4.936780861757502
27.61,1.0066459047826257,5.34006148406828
27.62,0.3927606381196478,6.672709688559431
27.63,0.8912322860458618,5.1949751621663
27.64,0.5486803736304602,5.31635895903729
27.650000000000002,1.5204122021417625,4.766006087929415
27.66,0.46020220409174745,5.783979922285161
27.67,0.5281591836080657,5.650094204141142
27.68,0.5748626173741581,4.878983175871081
27.69,0.888370396225999,4.737037644842876
27.7,0.8535083135971094,5.572133245209852
27.71,0.45408155308643816,5.182330868592515
27.72,1.2264778599807713,4.090597305194925
27.73,1.0809423629103425,4.229321551155751
27.740000000000002,0.1450997227113121,4.188263870103737
27.75,0.2816030124996488,3.704268777354577
27.76,-0.2244348264438999,3.630916920338124
27.77,0.39356401336631175,2.949775732194109
27.78,0.24063806786130107,3.8011179075929724
27.79,0.18622767915493682,2.993833672749448
27.8,-1.3903800117539735,3.8217679310099713
27.810000000000002,-0.5230621102629952,3.7242819082210827
27.82,-0.9101371571277854,2.501651384963583
27.830000000000002,-1.5551612118492328,3.160974795430062
27.84,-1.1399128386936128,2.7921263094687445
27.85,-1.0853990318138171,2.327803158881326
27.86,-1.1617846278891535,2.901477624296942
27.87,-1.9892192959614798,2.821597458645144
27.88,-2.459468852192451,2.4864140327385837
27.89,-1.8472871934103317,2.948756748991638
27.900000000000002,-1.999226087288919,2.5510952598033994
27.91,-1.8106123113109631,2.2463215348535566
27.92,-2.3199584147884744,2.9393012030919725
27.93,-2.3753559877306714,3.54325277508156
27.94,-2.6901856526875685,2.4783264075457123
27.95,-3.1627545749752635,3.745309960362247
27.96,-4.192249364170711,2.676686313101243
27.97,-3.8043960657407894,2.527445818861249
27.98,-4.137111672952603,2.6618421803364445
27.990000000000002,-4.009462162952033,4.154538945759683
28.0,-4.896200277354862,4.735658184540815
28.01,-4.366680239511503,3.7739474152694474
28.02,-5.002985522714779,4.313752456706793
28.03,-4.5880017167285985,4.703351917684132
28.04,-4.90170844169859,4.946307243794446
28.05,-4.9818069479826494,4.303209851010277
28.060000000000002,-4.588200998555959,4.26813750666768
28.07,-5.667577355909039,4.781724288578734
28.080000000000002,-5.2183713094451605,5.340306909852217
28.09,-4.623312231047967,4.524180914512035
28.1,-4.278021131047854,5.69327494772984
28.11,-5.820651692580041,4.343853879388962
28.12,-6.6701099754948,5.322082724306411
28.13,-5.508438030561155,4.938708505493159
28.14,-5.318170633494572,5.51634920267132
28.150000000000002,-5.3955034806830415,5.3506160518665125
28.16,-5.518582284327216,5.759590250706846
28.17,-5.8168907555516345,5.4595327078433495
28.18,-5.800978290869613,5.026898692089785
28.19,-5.963931431054225,4.720084955841335
28.2,-5.529515445619449,4.960021256584458
28.21,-5.823874061541267,5.015654282599657
28.22,-6.186957008067234,4.602081144579262
28.23,-4.973723460965661,4.362300764557547
28.240000000000002,-5.655336017852379,3.4165687382739933
28.25,-5.467915862792859,3.483191964713252
28.26,-5.763281984139545,4.0375870292737694
28.27,-5.417214739559487,2.8190079015396554
28.28,-5.593748577388434,3.393567059402606
28.29,-4.745503715614906,3.5524702045161893
28.3,-4.892670488097995,3.4303056433897776
28.310000000000002,-3.7147284479163476,2.443952951585579
28.32,-4.696321618530609,2.373674194609229
28.330000000000002,-3.9688937131522626,2.4911786417389052
28.34,-5.485341332295024,1.535121089555612
28.35,-3.798240953999586,2.660627448632216
28.36,-3.6995211193449786,2.1449668105992963
28.37,-3.6434861985860296,2.11526336055074
28.38,-3.345316320300176,1.8652161072008617
28.39,-2.9668490016641593,1.9800918294271024
28.400000000000002,-4.107964349840858,2.8269715367762904
28.41,-4.0082622199736955,1.3032018418934963
28.42,-3.5530244478802975,2.044265291532924
28.43,-3.5773124382651655,2.235688509059285
28.44,-2.7432558857520886,2.36721161219364
28.45,-3.1520196070769306,3.0345296312464205
28.46,-2.9534241519985667,2.225574955933947
28.47,-2.6802018899335662,3.3296905691141205
28.48,-3.194101996692074,3.145184245550215
28.490000000000002,-2.9934573341872506,3.3313679149287365
28.5,-1.8406989491935426,2.7198154614465033
28.51,-3.931218862052926,4.118164387448535
28.52,-2.928194120465668,2.6457331229941916
28.53,-3.1665529475597687,3.673212811493234
28.54,-3.101144655675958,3.0973374893082757
28.55,-1.946841385638306,3.111997673828112
28.560000000000002,-2.894317342307344,3.0777847529198405
28.57,-2.2656437314120144,3.61590812658498
28.580000000000002,-2.137269870095021,4.601060157447261
28.59,-2.9836054221173742,3.669916533953737
28.6,-2.3693947721276456,4.180884787042357
28.61,-3.645839534880606,3.9439312490332745
28.62,-3.2288599227806345,4.650035691717838
28.63,-3.1767480544443516,4.289319954947046
28.64,-3.480078986078606,5.888955157089215
28.650000000000002,-4.05575422738011,4.06964424164745
28.66,-3.022530990388072,4.191524472679069
28.67,-4.044162329439851,3.849518575967109
28.68,-3.695260342742967,3.3317662818952067
28.69,-4.6948542170577,2.9553025824347707
28.7,-4.198090347787453,3.1620646898573863
28.71,-5.321945213463761,2.9117357527662673
28.72,-5.668521036756182,2.9409301332534725
28.73,-5.285441279772904,3.044269485309638
28.740000000000002,-4.917852715828869,2.5074885256509813
28.75,-4.965684889872008,2.6651410544391316
28.76,-4.785159228069476,1.5874709867941146
28.77,-6.009554308501781,2.397071699887242
28.78,-5.4566518481956345,2.3710855470344665
28.79,-5.479835969059231,1.527624426957278
28.8,-5.615166448073418,0.8758906180781956
28.810000000000002,-5.50013096282014,0.5260454670921447
28.82,-6.289158887974092,1.3848361071572304
28.830000000000002,-5.67514901623912,1.4863384883002424
28.84,-6.229595062323991,1.0511652345025737
28.85,-6.344169003859841,0.6410644459378156
28.86,-5.619013295195531,0.19024797211810052
28.87,-6.300355662287232,0.5572862640989115
28.88,-6.4807233375876505,0.6561271849292576
28.89,-6.662461671043908,0.335156383317603
28.900000000000002,-7.185883596595587,0.02655403384446009
28.91,-6.454945158601417,0.6469433376360592
28.92,-6.053997843931201,-0.00582084186550913
28.93,-6.531781939882933,0.814545624532328
28.94,-7.390258466261169,1.086114214171371
28.95,-7.1410969446879875,0.8354055912926486
28.96,-6.837063264762879,1.8035899471748702
28.97,-6.354319337955245,1.3495288084412294
28.98,-6.4708979858560856,0.6796856747347632
28.990000000000002,-5.791925662887662,1.0827405494033637
29.0,-5.679408285941202,2.463068114614777
29.01,-6.434320005002224,1.4743927415507032
29.02,-6.815361138712808,1.265984924451252
29.03,-6.51007965715452,2.286971904497605
29.04,-6.59871968951248,2.2999678900110947
29.05,-5.5914299311845195,3.122418585869005
29.060000000000002,-6.682656376036023,2.8259364469668755
29.07,-6.2972666840747635,1.9546348780531901
29.080000000000002,-5.735082794259745,2.8725369081211625
29.09,-6.0817331437207764,2.8494220341493413
29.1,-4.465801014662735,2.719477944042416
29.11,-4.869061598136923,2.800768872028522
29.12,-4.301126955447073,3.03720617632019
29.13,-4.960456659281038,2.4598355977932944
29.14,-5.41223418199236,3.7665358115070156
29.150000000000002,-4.576025527335104,2.4647463041035778
29.16,-5.031297781134521,1.9679296268020052
29.17,-3.9925997992560216,3.3093876455245637
29.18,-4.346096792722692,3.0287824868280486
29.19,-2.95799132261014,2.2142392992149147
29.2,-3.897958823532639,1.6903368893039643
29.21,-3.3975332452322635,2.0212182056167767
29.22,-4.697152095748263,1.3432452731125573
29.23,-3.916512323965193,1.5819980346271212
29.240000000000002,-3.3621236366110114,1.0860055267160498
29.25,-2.516426376296061,-0.22627841859900988
29.26,-2.501449899155138,0.997039201708099
29.27,-3.055839443404771,0.8461696890731949
29.28,-2.867035318817223,0.539569998481926
29.29,-1.532357497355894,-0.13481518860490654
29.3,-2.320668524673619,-0.2806685459651681
29.310000000000002,-1.795888399109674,0.5120065237842691
29.32,-2.46421525791984,-0.7354999825704169
29.330000000000002,-1.6462226748141155,-0.4347927540615919
29.34,-2.1729141271224233,-0.6341157399507436
29.35,-1.9156124405203725,-0.5316280238394415
29.36,-2.196437287680891,-0.2665624254525818
29.37,-1.4981299858275894,-1.3308999501504242
29.38,-2.0002993485193192,-1.657700913896012
29.39,-1.5488982079494642,-1.3043160130643696
29.400000000000002,-1.7381189374900003,-1.22564089841478
29.41,-1.1511797932595198,-1.1555234708232676
29.42,-1.03152338047133,-0.9806799461938599
29.43,-1.244177147664046,-1.1090447093897098
29.44,-1.2939231833916158,-0.07846681811239964
29.45,-1.7600242671938653,-1.3751794146657137
29.46,-1.414383180498681,-0.9925406948814218
29.47,-1.2838666251964814,-0.5891590925826438
29.48,-2.121482309818535,-0.4822036051451686
29.490000000000002,-2.2079426059246847,-0.8820219815061303
29.5,-1.2190510736705917,-0.49536193909460646
29.51,-1.00326672761486,-0.06654554602410016
29.52,-2.052933928215401,-0.07861156845130335
29.53,-1.3005948069032391,0.06965719682020899
29.54,-2.7414687351404403,0.7994978174774304
29.55,-2.392335245740345,0.12941302674662647
29.560000000000002,-2.1101091447942264,1.021960313876023
29.57,-2.8286932312926663,-0.34175836336107235
29.580000000000002,-1.7273251708468949,0.7131969479570214
29.59,-2.251741902124732,1.335274871511701
29.6,-2.4236352192167305,1.5837688916879644
29.61,-2.760079228273854,0.36621656714125883
29.62,-3.001147941888876,0.5125524191284383
29.63,-2.9078260736496957,1.080337967226343
29.64,-2.799508690095886,1.2913267099088266
29.650000000000002,-3.278381152139411,0.6937987972669044
29.66,-2.864332081632626,0.7248673638253915
29.67,-2.8061126273131105,1.6694939611378712
29.68,-3.5409357204131773,1.2735832639106455
29.69,-2.0761993241455294,0.09441075761357352
29.7,-2.9959382682540845,0.11729917661455877
29.71,-3.6266843149855497,0.18676442654649744
29.72,-2.8345288946466,-0.7073489269658413
29.73,-2.884463891522492,-0.3482481244689184
29.740000000000002,-3.1560892666900022,-0.9356215518246859
29.75,-2.618575334639512,-1.0507547917319484
29.76,-3.355489788691067,-0.44276844960902473
29.77,-2.949041113794782,-1.7331967811652582
29.78,-3.2557084571911696,-2.874023426907073
29.79,-2.9739854600573055,-1.5762735541610824
29.8,-4.54654301278925,-2.288455757384898
29.810000000000002,-3.0677158534542235,-2.191452096395395
29.82,-3.3938778577129303,-2.4127516178270767
29.830000000000002,-2.8053846846580615,-2.1289109882061767
29.84,-2.135336965041108,-3.376902841124173
29.85,-2.695201722725976,-3.4514188361429703
29.86,-2.4839720786305195,-3.3576410923050317
29.87,-2.665596024644334,-2.7942789637910908
29.88,-2.129687076282217,-3.4347661406123247
29.89,-1.7872500908615225,-4.112987566587156
29.900000000000002,-1.424316826839036,-3.2080460808038076
29.91,-2.465325014812004,-2.9136765156351405
29.92,-2.3119562983193616,-3.226773826497909
29.93,-1.169184030465082,-3.5668395251382288
29.94,-0.8943418803477237,-2.8518804064519125
29.95,-1.0888010774978982,-1.896658271125587
29.96,-0.8238348678971408,-2.133359500251665
29.97,-0.8245137820374965,-2.3324151306816523
29.98,-0.6068372638265093,-1.8008533919637038
29.990000000000002,-0.47512581642055035,-2.593587049711049
30.0,-0.004556462824436334,-1.8665510641618812
30.01,1.4204994269666182,-1.5659340178626098
30.02,0.6943670910358608,-1.3989936618297873
30.03,1.6188700129959173,-0.46458381835372353
30.04,0.8886112715002892,-1.5674287168545165
30.05,0.7369993923231039,-0.7912924080142401
30.060000000000002,1.2697003052060294,-1.6761058235444821
30.07,1.9103726636086398,-0.8655405549989843
30.080000000000002,2.4651071880738487,-1.1416664156817409
30.09,0.5519037881401325,-1.021320427213546
30.1,1.821945392450119,-0.5290685470620703
30.11,2.3955247471009944,-0.2296741776861152
30.12,1.5631279171701253,-0.030752539486432973
30.13,2.4857129579257395,-0.816959581825371
30.14,2.41936064804967,-0.3957136574370604
30.150000000000002,2.4005308854200624,-1.4329685629355045
30.16,3.548169391206126,-0.8777681900862054
30.17,3.411968603077969,-1.1632952409006367
30.18,2.9311131674208712,-1.4711057955183766
30.19,3.0344852417223036,-0.8472735981129643
30.2,2.741180595256595,-1.6198916009673505
30.21,3.17050658394278,-1.5463358158229263
30.22,3.2606044742116005,-2.882108409573736
30.23,3.345799379792811,-1.6963083773623235
30.240000000000002,3.976746204454927,-2.2224632178051182
30.25,3.5450679550851008,-1.4791727247421536
30.26,3.704954133502432,-3.7285308018866323
30.27,3.1435631955196364,-3.2516695577368995
30.28,2.354475556739252,-4.132248582985648
30.29,2.9569617112748867,-3.3389807690167914
30.3,3.441221449233327,-4.488988063270996
30.310000000000002,3.2607383747163783,-3.028347684430643
30.32,2.890219163856483,-3.0848509866227865
30.330000000000002,3.14552041139787,-4.186682884827974
30.34,3.041469440140542,-4.60977514182496
30.35,3.0028047917272347,-4.781819614952038
30.36,2.743831627996876,-4.512563708808234
30.37,2.5699940254251272,-4.0521122543554435
30.38,3.267913338418744,-4.599887149004273
30.39,2.2604418329130347,-4.923560452081754
30.400000000000002,2.436301511553488,-4.582295316343732
30.41,3.0614072282500224,-4.209709571780869
30.42,2.3909119640373278,-3.9406985162379597
30.43,3.0228083165880317,-4.248583806764025
30.44,2.2751309273713987,-4.5320813475036426
30.45,2.558063955504301,-4.481377495318389
30.46,2.831152219317831,-4.080243357231863
30.47,2.23252371521408,-4.224192216730271
30.48,1.6247512298145232,-2.9409886525386115
30.490000000000002,1.9348794425930127,-3.7416834960228695
30.5,1.819692201682495,-3.7770643856901365
30.51,1.70425396987941,-3.3789116776554566
30.52,1.8313825193831268,-3.673040902325366
30.53,1.9318974126610782,-3.184350805542899
30.54,1.8800381927649283,-2.425304257435419
30.55,1.324552876874548,-2.0434936918788167
30.560000000000002,1.23857754160113,-1.6150750629230308
30.57,1.3703454388671181,-2.496621755527207
30.580000000000002,2.0654079651475707,-2.5311614463180514
30.59,0.32149891218399174,-1.778530365699273
30.6,2.6535601035553444,-1.7484975498546482
30.61,1.662672140468854,-2.659373422590262
30.62,0.9739294125198961,-1.546355177520732
30.63,0.9879835395719718,-2.706873881296068
30.64,1.3032359293980609,-2.034503904555248
30.650000000000002,2.832399981473354,-2.5739198439279756
30.66,1.9145080055309887,-1.7913454858437807
30.67,1.9427513761356616,-2.296971468108418
30.68,1.825601218174026,-1.59752136232232
30.69,2.191270404744848,-2.1651842273174178
30.7,1.9830318425921825,-2.1547970690931235
30.71,3.0972494104293977,-1.926066364560663
30.72,2.970049160261212,-2.610641227892322
30.73,3.187515445181937,-3.1693532260259736
30.740000000000002,2.192635679430267,-3.6630586864667403
30.75,2.7834035715254464,-4.0462001550050415
30.76,3.323710412549368,-4.468449486369566
30.77,3.4438306524780367,-3.7995630956402486
30.78,3.9902904668641503,-5.558831735103705
30.79,3.6540256397958624,-4.666294908235369
30.8,3.482413038256103,-4.749213949671702
30.810000000000002,3.7218379883022132,-3.4079813915505195
30.82,3.1163954508803533,-5.485748457814473
30.830000000000002,3.5527094358674374,-5.533264348267576
30.84,4.998628217533584,-4.854359150942796
30.85,4.820065529304869,-4.829125949415699
30.86,5.70850658930604,-4.821683112749502
30.87,5.400445864402802,-4.290449486833089
30.88,4.426712299833882,-5.462762416729671
30.89,5.8860220825850496,-4.940410924132969
30.900000000000002,6.373852820465202,-5.293427650218591
30.91,6.018347237162136,-3.9961213801103304
30.92,5.898378517938922,-5.966699143163468
30.93,5.5640763181425115,-4.01858871529997
30.94,5.53202769630861,-4.914320413398611
30.95,6.890864019942965,-4.693621090797096
30.96,6.402401862442419,-4.486438954343515
30.970000000000002,6.1890003610399305,-4.005474210753361
30.98,7.143428590303837,-4.209431102968406
30.990000000000002,6.861714487038668,-4.240761382573629
31.0,7.573735933223768,-3.7770529329915985
31.01,7.056178701131725,-4.2079159059513955
31.02,6.584190557773871,-3.745995308104939
31.03,7.085941051983269,-3.4983265599923743
31.04,7.037899702496325,-3.0906506457423286
31.05,6.999899676025848,-2.520359314119465
31.060000000000002,7.296069871703357,-3.534914968664377
31.07,7.359088564379679,-2.581094289800056
31.080000000000002,5.5433754197329,-3.2696987509117075
31.09,6.047195433013421,-2.54046737701791
31.1,7.156516630992143,-2.581683857958849
31.11,6.227888244588401,-1.909015428815688
31.12,7.260743080071971,-2.9040462569597705
31.13,6.550133325121727,-2.310318984161296
31.14,6.251212884677363,-2.6290262003123863
31.150000000000002,5.596020799452468,-2.243384013109282
31.16,6.595828469413784,-2.3997406448768035
31.17,6.766004355923006,-2.649846003156555
31.18,6.960234315573519,-2.8285071468296588
31.19,5.7623394087712105,-3.6671250507592044
31.2,5.509023566102901,-3.5517169659777754
31.21,5.7828500031823795,-3.6065042327273487
31.220000000000002,5.664958916305801,-3.7097125128091237
31.23,4.596365260121721,-3.144507134378925
31.240000000000002,5.913321929413685,-3.1595333931710705
31.25,4.75719626501479,-3.6021924712494653
31.26,5.210140653976791,-3.7983812610587964
31.27,4.797137327018752,-5.017816484187437
31.28,5.127925941173323,-4.075424006823075
31.29,4.537848309586626,-3.9322197478235057
31.3,3.8304930972988407,-5.009090954407258
31.310000000000002,4.221216660750138,-5.002221509376042
31.32,4.494016774102879,-4.884916600996981
31.330000000000002,3.5356188787727443,-4.534580464658543
31.34,3.6698034295367794,-4.885850655998863
31.35,3.9399733848560645,-4.9921515661403975
31.36,3.9091787289059248,-5.184115813280382
31.37,3.793964472364543,-5.5350248125656085
31.38,3.4644122551551244,-5.347097959249953
31.39,3.4033936568507213,-6.028188065628274
31.400000000000002,3.637258605792039,-5.239839232106802
31.41,2.488458748780159,-5.229583299727301
31.42,3.173812596171275,-4.571741457829182
31.43,2.4929425370631764,-4.652250981567326
31.44,2.0997291452586153,-4.978496424913523
31.45,3.176777415397847,-4.786714041861939
31.46,2.7906142064217354,-3.8424704788668165
31.470000000000002,3.5663497330071365,-4.60756758592605
31.48,3.3132533843993817,-4.790432552640107
31.490000000000002,2.5421009742061167,-4.086734759137697
31.5,3.5020985974565093,-3.376088037429313
31.51,3.088914094848077,-2.9231235668956814
31.52,2.6583874099421747,-3.0342972521320046
31.53,3.481137647115459,-4.173617548179655
31.54,2.922972661908938,-2.8844338722585987
31.55,4.329570218366861,-3.373876480571184
31.560000000000002,2.622702309808134,-2.52421037060598
31.57,4.005713872693021,-1.941750663821718
31.580000000000002,3.6342163295429337,-2.580262161925981
31.59,3.4334102585457793,-1.7115763199081733
31.6,2.8189448589975377,-1.6343746412728795
31.61,4.118737801125218,-2.9546916448180918
31.62,3.9926851475566503,-2.030672568582143
31.63,3.8705310357593503,-1.650252815723369
31.64,4.018090835583632,-1.7712570754721206
31.650000000000002,4.447692518028811,-2.1216260741574593
31.66,4.440367303994508,-2.393946796398633
31.67,4.805774231461232,-2.350508993959268
31.68,4.184436703323941,-2.350417570768889
31.69,4.852671838548167,-2.5810482407360005
31.7,4.42283514958626,-2.566200451038516
31.71,4.244515647783241,-2.7769132804217285
31.720000000000002,5.044597833426112,-2.1649684077321374
31.73,4.362372225298501,-2.8287117207335113
31.740000000000002,4.897918421646527,-2.264975954074567
31.75,6.140373925557435,-3.5647265007899573
31.76,5.539938012619474,-3.394009854862001
31.77,4.869450086261001,-3.2448626805006437
31.78,5.705080115204618,-4.363745420253987
31.79,5.5085679216409185,-5.120143413985401
31.8,6.195239901870393,-3.556642245206867
31.810000000000002,5.704993608736897,-4.225930729098018
31.82,6.343432104288684,-3.3047946795296737
31.830000000000002,5.537418068265713,-3.985252817970148
31.84,6.021307404742358,-4.908074961475301
31.85,6.121388555336885,-3.9597545803242307
31.86,4.812532862223068,-4.768092199308406
31.87,6.0938810259290515,-4.06244212669682
31.88,6.017223403841233,-4.334093694961843
31.89,4.725273973732679,-4.872819445680747
31.900000000000002,4.851238470341486,-4.697486217521136
31.91,5.846896625883537,-3.982508997224286
31.92,4.324617012960955,-4.582003157595333
31.93,4.478439651420381,-3.055472593334599
31.94,5.008943595309921,-3.459667788354836
31.95,4.968133946036899,-4.468721602779875
31.96,5.215243551664589,-4.208427260207475
31.970000000000002,4.847431060991116,-3.606185140152837
31.98,4.580958208473652,-3.2395649328609992
31.990000000000002,4.440661996158411,-3.4144072183404033
32.0,3.9100445986377808,-3.00048891843511
32.01,4.377368884126812,-2.2080172324861405
32.02,3.6602430588940025,-2.7971139381050367
32.03,3.569446638717806,-2.084334293591089
32.04,3.5586337573198685,-2.4072116474197145
32.05,3.8009442530228807,-2.0390550588211935
32.06,3.0965611354600875,-1.5829984525019505
32.07,3.3917243895521314,-1.4397016781796157
32.08,2.375087883843687,-1.0900735691116874
32.09,2.5487253846051705,-0.9399187377276659
32.1,1.9890002324611213,-1.3199641897091416
32.11,1.3486529642371696,-0.5471786699043556
32.12,1.3904166016844401,-0.73638301223687
32.13,1.003860951052782,-0.06913780664186264
32.14,1.3992874796585828,-0.791819875828786
32.15,0.8885055864600152,-0.5193423802757413
32.160000000000004,0.8432520073811398,-0.48166839950844176
32.17,0.2442607090972333,-0.5777161498246373
32.18,0.5497501292176363,-1.1735423484111291
32.19,-0.06591162842604492,-1.6628709597702398
32.2,0.37789109260890874,-1.6102266465269768
32.21,-0.23713292513759748,-1.8558040994973166
32.22,-0.02651405036343494,-1.3847537425260448
32.230000000000004,0.8709458726891565,-2.5298370375091634
32.24,-0.8654345031227062,-1.6696991184357337
32.25,-0.746769024201788,-1.5322503697791467
32.26,-0.7222308590068911,-1.6865446968123974
32.27,-0.47938769661278374,-1.9892997429872294
32.28,-0.7962108684799392,-2.3755307107789303
32.29,-0.4957610994667173,-2.748937032151722
32.3,-0.6308896462072215,-1.5571922636152402
32.31,-1.575018652453524,-2.9818173949723286
32.32,0.20744140803999467,-2.7570651599704448
32.33,-1.2811272682490038,-2.1923482973681914
32.34,-0.6017721072732105,-3.9012266400675784
32.35,-1.634215793545795,-3.299857882848039
32.36,-1.262928834527893,-3.1307365971686725
32.37,-1.6638968475072298,-2.7087389260598065
32.38,-0.014909822971344466,-3.627537401167234
32.39,0.12922256364227191,-3.6678432774991307
32.4,-0.09738122570831309,-2.835798371410269
32.410000000000004,0.054946178986857275,-2.2916742223799806
32.42,-1.230321602694484,-3.0540659599572777
32.43,-0.07208848560740033,-2.288472020512213
32.44,-0.21339855756394843,-2.637020876309961
32.45,-0.29446893458616774,-2.7696901845285313
32.46,-0.36526918767097655,-2.1924766124747026
32.47,0.6476967106224018,-2.134429658774858
32.480000000000004,-1.4587648653067549,-2.3198278313331597
32.49,-0.21449861946400475,-1.197344466495309
32.5,0.12707498275876136,-0.8079806468670697
32.51,-1.053613189699615,-0.3854104286541914
32.52,0.6140258791182494,-0.6062283260976459
32.53,0.5621295206666406,-0.25901080586491293
32.54,-0.36082697043587164,-1.0359800210368584
32.55,-0.003793460297929041,0.2345138201050706
32.56,-0.006945613833337416,0.632337781618265
32.57,0.4809291940059756,0.1747861109204047
32.58,0.7241555669593447,0.9820367662445022
32.59,1.0810432749458885,-0.7719302563611327
32.6,1.2621437252754177,0.8620819516125373
32.61,0.24216720129784053,0.941737571003146
32.62,1.024671592207636,1.097093158780676
32.63,1.0401158118591274,0.45480776173750787
32.64,0.9940240217031876,1.0154828642955405
32.65,0.1991269526617484,1.5619714004377347
32.660000000000004,0.7781326702184637,0.49946926020563415
32.67,0.06392656167441313,1.0977113884525145
32.68,1.1354823665683775,1.5022137190047264
32.69,1.2958448702582261,0.2403975145890927
32.7,0.9475768062364196,0.4259494069262166
32.71,0.25152917471617936,0.19112750527326366
32.72,1.6588398981707273,-0.07471173255167296
32.730000000000004,0.023100350667890512,0.3660865593400894
32.74,0.994277572711047,0.6723344959064403
32.75,-0.23471434654889511,-0.11151717458501569
32.76,0.8691354022355786,-0.6092304088133805
32.77,0.012791022447538797,-0.15425241049622784
32.78,0.6408939050718705,-0.34465515687571513
32.79,-0.40185478974317645,-0.9491386599909165
32.8,0.7948462560824778,-0.9302409625496503
32.81,-1.2265234480039657,-1.2080544448592025
32.82,-0.8071642222820397,-1.2866296667450396
32.83,-2.0653621851367125,-1.5904095096678719
32.84,-1.29438185109739,-0.9221863127232062
32.85,-1.0919896794465673,0.1753725090419327
32.86,-1.2590424321349512,-1.033434216578623
32.87,-1.3095297486710042,-1.7493013874363448
32.88,-0.86675921463804,-1.3596978853864283
32.89,-1.438021426875266,-0.46527946005342624
32.9,-2.17633965299467,-1.4465343622490427
32.910000000000004,-2.340625945012787,-0.5573073540241893
32.92,-2.0388063843654303,-0.45498449595719404
32.93,-2.7597333454791118,-0.20477805717330222
32.94,-3.3939094758295356,-0.6121962426349495
32.95,-2.735376712172352,-0.3809824361191349
32.96,-3.1753841780347454,-0.4568881039172559
32.97,-3.254296668442164,-0.48485466626624796
32.980000000000004,-3.8707205596229692,-0.38033624390263315
32.99,-3.7893342929963745,-0.16289023546996284
33.0,-4.213346694674672,1.0663866827811275
33.01,-3.9751077544946503,1.1353819169154578
33.02,-4.758439907181438,1.6203433404558643
33.03,-4.3577256671079825,1.749646079836007
33.04,-4.67347896665936,2.9381738091380027
33.05,-5.00183215774796,1.8513951504210377
33.06,-5.550194394925426,2.5368555126793764
33.07,-5.335658544965805,1.961525536363446
33.08,-5.3233998975981125,1.96069901413183
33.09,-5.80197427399632,1.9670983357392395
33.1,-5.924732181291052,2.3188011653266294
33.11,-6.006205399304248,2.4028130900912767
33.12,-6.209105380856377,2.556949251375241
33.13,-6.216794200752766,2.2808313060798904
33.14,-5.52382709944035,2.406233482365403
33.15,-4.816098753373255,2.4391420177725713
33.160000000000004,-5.293602282581623,3.258626619120621
33.17,-5.95680833560687,2.738563257465017
33.18,-4.616817583261396,2.2591193565780188
33.19,-5.593192229447761,2.4414804649434556
33.2,-5.908088569829613,2.398012187901203
33.21,-5.427757983187703,2.156986899190852
33.22,-5.50534961352098,1.690626448836963
33.230000000000004,-5.257819092137952,1.4608444813913573
33.24,-5.858736274035874,1.2623276224641191
33.25,-5.568490210035974,1.375084487502082
33.26,-5.782457642914561,1.452786659371575
33.27,-4.959445155464259,1.2611107765307563
33.28,-5.461985607837877,1.8759360463862111
33.29,-4.572282625169751,0.8255804288793698
33.3,-4.407456672804731,0.9612358056498826
33.31,-4.285903493420205,0.7849971385483187
33.32,-4.335919901764888,1.2564167165399824
33.33,-4.762506243647066,1.5241118120816357
33.34,-3.845394017828823,0.29839902799055357
33.35,-4.319336542757626,0.5945079257759543
33.36,-3.0710883561999824,0.5152701868571126
33.37,-3.744150092608149,0.26625809952260904
33.38,-3.4338993768977244,-0.5254160136061312
33.39,-3.3710611388051936,0.49716787277710606
33.4,-3.2656900438315715,0.2361297527240223
33.410000000000004,-3.2266831338445776,1.0238861689920271
33.42,-2.492699532863607,0.3408055115848595
33.43,-3.019750890520395,1.5420846371163046
33.44,-3.8874433756781546,1.4681629731852353
33.45,-3.7981241960780228,1.064590159370588
33.46,-2.84002546690626,0.9640596733010359
33.47,-2.758912742183601,1.6539232009755576
33.480000000000004,-2.8418972421842548,2.1011962955160968
33.49,-3.2391067729397633,2.2273044755151585
33.5,-3.2610741040964215,2.499594834177015
33.51,-2.0353586307344322,3.213288238138479
33.52,-2.8888642237311157,3.4814879591653325
33.53,-2.4508605384260416,2.9286990962128026
33.54,-2.1782330995565853,4.1097851871545465
33.55,-4.161326501638577,3.672250197238871
33.56,-2.686164987269823,3.688513373909736
33.57,-2.9136820367739094,3.621929109526115
33.58,-3.049889852265354,3.1393023976008196
33.59,-3.4265637138079517,3.5877362412804388
33.6,-2.8569818124964295,4.1700127385248065
33.61,-3.42333956603003,3.9428792145519638
33.62,-2.5024998173283706,3.7980494491109673
33.63,-3.018813419048011,5.099877556591526
33.64,-2.569233524244913,3.8629238723152706
33.65,-3.923238075420599,5.280212496366596
33.660000000000004,-4.430763324800436,3.526769491111881
33.67,-3.7092658716959193,4.046343211595383
33.68,-4.236134540845316,4.836734047580735
33.69,-3.5996294190013955,4.268035125012042
33.7,-4.594953585512448,3.5269776043631658
33.71,-3.3441422020122205,3.9419919659880716
33.72,-4.844419692078676,3.5479927555209
33.730000000000004,-3.848953275363722,4.081878199577821
33.74,-4.723134664095029,2.8829949100057495
33.75,-4.984868644348715,3.139721224618625
33.76,-4.968480483762518,2.915540227548504
33.77,-3.9754157043531215,3.2207017961675257
33.78,-5.064706027922752,2.7470011292511165
33.79,-5.0781891092491644,2.9324346302798023
33.8,-5.467815074527804,1.232121949090038
33.81,-6.215351440724707,2.7805428066271536
33.82,-7.142104512221693,2.210133753818411
33.83,-5.061932363674022,1.7842151400298099
33.84,-6.199176212936184,2.0995082760319907
33.85,-6.324188963777211,2.167379420552531
33.86,-5.8163985623737675,1.5855366604273196
33.87,-6.889077651932022,1.8162724682473037
33.88,-7.071003390302857,2.0574261013430393
33.89,-6.741199906367185,1.9175696478196074
33.9,-7.190136798747666,2.5146293361486416
33.910000000000004,-6.613073481042137,3.147945746433419
33.92,-7.379334236341226,2.1525863791492634
33.93,-5.41839829741113,4.2052303229274095
33.94,-6.959538220659395,2.723968390493961
33.95,-6.54155712626466,2.5185341781568185
33.96,-6.726907160461062,2.7011446688647145
33.97,-7.222690905616081,3.611037489959699
33.980000000000004,-5.771821096574165,2.7932781615734714
33.99,-6.869198395580523,2.9544903424411832
34.0,-7.151872619808094,4.201510033934356
34.01,-6.010526610654188,3.635694775419094
34.02,-6.236365700191487,4.681369527897033
34.03,-6.044102681484647,4.179737475809509
34.04,-6.406557089532396,4.221894916341019
34.05,-5.402680763669607,5.517727928497198
34.06,-5.4944776643332975,5.210851307402846
34.07,-6.309053650615655,5.113752344797326
34.08,-5.767339323056416,4.20352209964779
34.09,-5.108328099064059,4.905975642985571
34.1,-5.100104075793352,4.972236902494329
34.11,-5.123061303637045,5.277844293621385
34.12,-5.548992775555689,5.035906729415684
34.13,-5.028312931205002,5.179422936680638
34.14,-3.85137861460023,4.902889705151203
34.15,-4.619195000871072,4.9999309862829575
34.160000000000004,-4.468195290889557,5.097326690223437
34.17,-5.120060388912638,5.169996786313333
34.18,-3.5811968689110643,4.538674564844146
34.19,-4.203687130656634,4.416694865999436
34.2,-4.4577651604468995,5.1547121702114245
34.21,-3.310844826576435,4.866702283210251
34.22,-3.238218363280787,4.365790630707635
34.230000000000004,-4.4309290347739845,4.803680638213641
34.24,-3.178752084028771,2.9699281609800567
34.25,-3.1761765370532067,4.11130710733658
34.26,-2.8458925615972124,3.3811272251802307
34.27,-2.040012850004693,4.294979210397839
34.28,-2.25519511586106,2.8947580406557876
34.29,-2.15418479375679,3.636468866041711
34.300000000000004,-1.7687510790465075,3.1144694771301293
34.31,-2.0160497098754973,2.5988090923955594
34.32,-3.159863521584652,2.3422431398506376
34.33,-2.190300358667589,3.340090362971415
34.34,-1.5847605594973344,4.039922488044008
34.35,-2.0136941042949514,2.2435079628843484
34.36,-2.4998662306935087,2.7463018157180312
34.37,-1.4958461854262353,2.198953685244707
34.38,-1.633154962657347,2.738411396620867
34.39,-1.498173556760268,2.911623939688138
34.4,-1.7541790751182174,1.7933352056683427
34.410000000000004,-1.9895048853976043,2.577771930317922
34.42,-1.5215579592329678,2.845438878291528
34.43,-1.1597155387749554,2.96840979486766
34.44,-1.3887892904693497,3.1665454666749167
34.45,-1.8298180426620276,2.87726441382256
34.46,-1.5325505921194842,3.3936264611653515
34.47,-1.9377861856370893,2.2637863756935683
34.480000000000004,-0.671821125682161,2.973567043929166
34.49,-1.6253404044146893,3.417749360531348
34.5,-1.9882784075838762,4.263277539130386
34.51,-2.4259733104222003,3.583317216967559
34.52,-2.581160042940419,3.582996472367915
34.53,-1.7869761515158402,4.362353346005715
34.54,-1.7710827110802958,3.90780125365568
34.550000000000004,-2.1520523416522996,3.371528531305094
34.56,-2.510271721891058,5.060369797619755
34.57,-2.077661160853908,4.656113293902742
34.58,-1.2845486013880572,4.507420681939944
34.59,-2.111124646952199,5.468438908405899
34.6,-1.875389563498218,5.815377039545315
34.61,-1.8852855677880616,6.172855930624072
34.62,-3.0854103231307564,5.092501765210251
34.63,-2.6098092776911095,5.195408678281584
34.64,-2.8267153109821304,6.2802685360148125
34.65,-3.021005365900306,4.253084805422428
34.660000000000004,-2.762314337992522,5.083063379903155
34.67,-3.1546805842994683,5.956520089774761
34.68,-4.277114028171936,5.2113856549111715
34.69,-4.371792508106067,4.430792529887654
34.7,-3.2424316884110613,5.294904380324893
34.71,-3.1962700726110778,4.343037300692219
34.72,-4.0264885233294665,4.802249295077574
34.730000000000004,-3.7455754474566847,4.192680476094503
34.74,-3.8399416122754735,3.9720121643946267
34.75,-3.778271122865029,4.516488895765842
34.76,-2.655047274419148,3.122628591778575
34.77,-2.6498675029401615,3.401588696648261
34.78,-3.341237308200652,2.652003963599193
34.79,-3.170293217438796,2.964196629005376
34.800000000000004,-3.5367719411086758,3.172897113926763
34.81,-3.5241465993456105,2.85427266957905
34.82,-2.9870467930981532,2.4131678388287274
34.83,-3.18491934975396,2.468582035499189
34.84,-2.1564208808408587,2.7364377021611226
34.85,-2.5032703602689814,2.1060501415293063
34.86,-2.030701146565031,2.452160827857234
34.87,-2.0174804085806883,2.2519932871463584
34.88,-2.565675248856569,1.777147907649105
34.89,-2.3151185102361485,2.9420103848574133
34.9,-1.8612413673008814,2.3611918485468015
34.910000000000004,-2.3041230858363084,1.9484885787460369
34.92,-1.893037682474061,2.3135591207112114
34.93,-1.5027982215488351,2.8535974987001707
34.94,-1.3407777072788098,3.0201677931330813
34.95,-1.4367428578254122,1.8134300107890502
34.96,-1.3972533700120557,2.4444303271102448
34.97,-0.6242831337599404,3.7420817396740125
34.980000000000004,-0.7077360842638823,2.9657737451819357
34.99,-0.003271975855931031,2.6480612532560377
35.0,0.45251609969040124,4.089099005513404
35.01,-0.011390455632010854,3.1763855075568275
35.02,0.9722610087041151,4.101948518246414
35.03,0.21988656629976638,3.3054249500837347
35.04,0.8290868146874779,4.037786535792859
35.050000000000004,1.4727485249545618,4.4996646561923
35.06,0.7819229695677345,4.679883585694837
35.07,0.4062376157615484,4.668161302238114
35.08,1.290154475508497,4.886938136024924
35.09,1.4483231061046336,3.3899758865456477
35.1,2.5713398202591926,5.462309124971915
35.11,2.7539750173161344,5.160435261638528
35.12,1.4178602736931705,4.789312647001488
35.13,2.5118027561837892,4.708920356523821
35.14,2.757066285975694,5.25319204942921
35.15,2.577470717648056,5.807871697632175
35.160000000000004,3.1776865919240493,4.552669701175311
35.17,2.848248229478294,4.244478399734733
35.18,3.4542182667871946,4.442326327005587
35.19,3.0322478635391135,4.333953760866318
35.2,3.127381633411368,4.232835465999909
35.21,2.5202866641830313,3.0502928550668056
35.22,3.7960307362946017,3.300406760221297
35.230000000000004,3.493647155608266,3.225314985832017
35.24,4.419030057989849,2.6902244346310904
35.25,3.0878519333372356,2.813356076108051
35.26,3.897407297486394,3.1288226595549817
35.27,3.5706311773681927,1.2185937116468197
35.28,3.103524792394219,1.426152831585264
35.29,4.353961521688672,2.890445537938496
35.300000000000004,3.9390474756093354,1.6475843051302816
35.31,2.614072027511556,1.5499389648738677
35.32,3.157979393709157,2.023795750671874
35.33,3.349386644909684,2.4147879340319043
35.34,3.904377784720423,2.3719656625017977
35.35,2.722105690356367,1.5885796768394813
35.36,2.894191552488637,1.2955465700033864
35.37,2.8895590552983803,1.310129062285374
35.38,2.51014679192549,1.9395799139154073
35.39,2.3065716330358734,1.2920910173748243
35.4,2.4191172258279137,0.27955755278327266
35.410000000000004,3.1204743293210866,0.5747157927819861
35.42,1.4190779922893704,1.490176188514108
35.43,2.581121576277313,1.7349770199034507
35.44,2.436014109989807,1.007546141971334
35.45,2.3799990614782374,1.5202511321807461
35.46,1.1155139951240258,0.9309591656494878
35.47,2.419177376706991,1.9972411025798134
35.480000000000004,2.066567129128947,2.1407469064630273
35.49,0.5250406211398779,2.310250147893487
35.5,2.501035616555634,1.7538071300776399
35.51,1.0531184237109095,2.5393670268068247
35.52,1.4787817413848456,2.6247390028577895
35.53,1.4199523908389742,2.6042302406270195
35.54,2.031352820360195,2.7130694933653827
35.550000000000004,1.1828359395861756,3.078310464516786
35.56,1.8575748683847235,2.5323272913507493
35.57,1.4938483281990829,2.802346158716318
35.58,1.5216011539493113,3.1629238206688233
35.59,1.488630092113573,3.2680963474719036
35.6,1.5297667123926393,3.022775754037288
35.61,1.4382488163567024,3.9158604464560662
35.62,1.602343891389929,2.5899588822301616
35.63,1.6244100823219823,3.0663080956511943
35.64,1.9296831466194222,3.859969887736935
35.65,2.3395001060908083,3.511196096374844
35.660000000000004,2.562677557245353,2.2778098903009063
35.67,2.0930057265647566,3.9545389243980464
35.68,1.5426288825400294,2.6216097962229084
35.69,2.0135579303934557,3.1338636728531752
35.7,2.409250012125874,1.7748552933498938
35.71,1.5278960958975107,2.1231548318261098
35.72,2.6431708917614665,1.8578848898043832
35.730000000000004,2.4202125271730863,2.1132304320475397
35.74,2.745692926025277,1.8795606593524947
35.75,2.841172965842382,1.2970741884161443
35.76,3.175305519704721,1.003185157445778
35.77,2.4895486085453657,0.775042474712074
35.78,3.6995831148423486,0.8987150641858477
35.79,4.399016815632548,0.15280972721201397
35.800000000000004,3.325422754440177,0.6703950321926568
35.81,3.678004909165271,-0.14717931770721027
35.82,3.849135436400447,0.14708322425422077
35.83,3.4992233331436613,-0.9180434303904458
35.84,4.727381759401958,-0.48177267416491176
35.85,5.117216119963967,0.29734343347056125
35.86,4.426365128231376,-0.338932979814818
35.87,4.631621236891074,-1.2331452882062275
35.88,4.628173439728834,-0.7345855414845073
35.89,5.190826496622357,-1.513482907452786
35.9,5.427910671286841,-0.7241868791446036
35.910000000000004,5.878200276167235,-0.8021304150252242
35.92,5.7645601188159565,-0.2710580145386292
35.93,6.178444556435876,-0.9276990911404711
35.94,5.7726793224710615,-0.35505021012790156
35.95,7.033740928150092,0.637731587058271
35.96,6.078637934345572,0.13922292052981083
35.97,6.763627187399411,0.4907529366849078
35.980000000000004,5.935858614267232,0.7020182760590601
35.99,7.2244916307350575,0.7361379061923159
36.0,5.5853513481234405,0.5418481553143998
36.01,6.9476504319661325,1.1127762086462114
36.02,7.080425311038164,0.854488637713479
36.03,7.33413080452916,1.7908585105510104
36.04,6.865356519126401,0.8951130107390239
36.050000000000004,6.841041660336681,0.5085564268529408
36.06,6.141060535531057,0.8143030658481262
36.07,7.7711107792698755,0.5675842825131358
36.08,6.624418663323842,1.6143271828172756
36.09,7.793353181170137,2.1715800118648785
36.1,7.5023572610753675,1.7819612408747916
36.11,6.712327819719942,1.8033354115188394
36.12,6.7747183730107325,2.0071909248817557
36.13,6.17871616635583,0.5271195936587101
36.14,6.876007535969089,1.8775682611242628
36.15,6.054797840120612,1.5745230027002561
36.160000000000004,6.399375856499769,1.335821359087713
36.17,6.094350631632905,2.526364884861522
36.18,5.5893827698340885,1.5931834604847128
36.19,5.361419162352878,0.34898647657466064
36.2,5.022520940155695,0.7922403630737518
36.21,5.623444745030585,0.15583741412619073
36.22,5.637437593149363,0.5466722706445957
36.230000000000004,5.69478772275288,1.1590191366432685
36.24,6.033742889816351,-0.3136119420292544
36.25,4.935112431294736,-0.8450449531736643
36.26,5.1935752311057595,0.6209258261056885
36.27,4.362985850418047,-1.717416913002579
36.28,4.900117903986445,-1.6287461070542153
36.29,4.640726945407383,-1.1335904361793834
36.300000000000004,3.847689968078906,-1.6866101742676334
36.31,3.85265828558352,-1.6269489743168615
36.32,4.6385746690044485,-1.5931356640235101
36.33,2.7289877320843017,-2.185830565751369
36.34,3.2616660132866215,-2.448684373505128
36.35,4.185781416530607,-2.4647865373054563
36.36,3.5188768294695447,-2.346810338090203
36.37,3.919127871831014,-1.712162491880009
36.38,2.2805345858713864,-1.4504834302236815
36.39,3.7365717441215196,-2.7665669428159005
36.4,3.3785018583660147,-3.021593055580743
36.410000000000004,2.5582806738643162,-1.8514462517552406
36.42,2.8873199222798682,-1.4454326687389143
36.43,3.3534675136180083,-2.666280545867963
36.44,3.432284900458697,-2.4773946676709624
36.45,3.2743772918446497,-3.2666802141928044
36.46,2.7134116439079747,-2.401235735298649
36.47,2.2565059586907976,-0.9627750279355046
36.480000000000004,2.6847151021385307,-0.8645034229966968
36.49,3.4224311600039337,-1.6149136644323567
36.5,2.9350077682916798,-1.3733564978954835
36.51,3.431970332941571,-1.9958637187356834
36.52,3.1299250752816263,-1.218495854163486
36.53,2.754312951676657,-0.655369297197737
36.54,3.300477112526277,-0.5123553789578993
36.550000000000004,2.130050932825584,-0.7044515112025101
36.56,2.9282557765834483,-0.6743176164045255
36.57,3.7899788559170657,0.143143673175948
36.58,2.905418013304748,0.6069518861774712
36.59,3.8291175842724354,0.8646444988082909
36.6,2.789807816821198,0.3403445073761655
36.61,4.247083956605168,-0.8222878319394173
36.62,3.959792298016674,-0.0757329434695587
36.63,4.099085409654293,-0.3949075561819505
36.64,4.314220487177691,-0.02428685571231004
36.65,4.566612780976087,-0.03324184869514085
36.660000000000004,3.9867771293748837,-0.7583152220851626
36.67,4.265334353972902,-0.7049788043599083
36.68,4.613919780665103,-0.023307500859728325
36.69,5.264123834185548,-0.5537704971602845
36.7,5.028031807783245,-1.1225607091665306
36.71,4.572220902691573,-0.6041406964565277
36.72,5.212992165658063,-1.2597523890692033
36.730000000000004,4.7133068250283445,-2.4905786987879526
36.74,4.815387458810315,-1.2973927965965135
36.75,4.4013360787160725,-2.5800518938058046
36.76,3.943802379892219,-1.6986505430547936
36.77,6.087564592279153,-2.837088938388879
36.78,6.125090619304503,-1.6786453383438955
36.79,5.413962856600572,-3.7113953021967094
36.800000000000004,5.854747341326039,-3.5697818521109266
36.81,5.116018115617638,-3.5584286040323345
36.82,5.621339986614515,-3.4572272091285727
36.83,6.128056763252594,-3.4007351245670687
36.84,5.048112904721272,-3.889363244065411
36.85,5.064073286598459,-4.235532929804544
36.86,6.077246228067602,-5.215927791497536
36.87,5.56861032311524,-4.8281372092936135
36.88,5.2418808494724125,-4.422886670299096
36.89,5.93950729368684,-4.286778936601003
36.9,5.726933343663958,-3.9966293943633637
36.910000000000004,5.208725980839132,-3.388348518142828
36.92,5.7103715110202105,-3.789144666116245
36.93,5.843478806963708,-4.587419731524907
36.94,5.648449864317044,-4.316214935866183
36.95,4.406452557138699,-3.2707384920579865
36.96,4.113862092686979,-3.653612330917267
36.97,4.707674822146626,-2.6047057844603128
36.980000000000004,4.200860725381824,-2.730164214414903
36.99,5.066016384369862,-3.2267844050680567
37.0,3.8657503520974386,-2.7566950339252623
37.01,3.216392289690944,-2.253159551366826
37.02,4.237048532424907,-2.3552348135069012
37.03,4.122630764893232,-2.373676873521288
37.04,2.63990357321991,-2.239655355430945
37.050000000000004,3.7433603973142953,-2.0195615926750365
37.06,3.575843604108227,-2.3554584986219953
37.07,3.0699755640929243,-1.3141348381624853
37.08,1.93280834566856,-2.169166532012527
37.09,2.983401110980405,-1.7378493489123015
37.1,1.8823564323817026,-2.886717186863991
37.11,1.8691482633964749,-1.4178584159330725
37.12,2.693432766647313,-1.948138471966362
37.13,1.059516089223529,-1.7060416252762525
37.14,0.9826531635873057,-1.7148057920511768
37.15,0.6053600684951601,-1.7096935290569313
37.160000000000004,0.9857079837819371,-1.8112998304318502
37.17,1.1093578620985227,-1.7512340550140784
37.18,0.27551320289778863,-2.7082380604365186
37.19,0.6572116489624586,-3.0579354946755246
37.2,0.47659617436692026,-2.1821753102235015
37.21,-0.3735558917134524,-2.974948305630254
37.22,0.5269790487416133,-2.0155691789835113
37.230000000000004,-0.5911554277358019,-3.6965897773820817
37.24,0.30962191473226874,-3.4476743197476933
37.25,-0.48167954951982217,-3.890966821432552
37.26,0.00496042024426091,-3.8431971403624776
37.27,-0.23937832639927814,-4.7044952080298446
37.28,-0.3469161820279343,-3.6231513838859635
37.29,-1.8964822791825524,-5.195294377540553
37.300000000000004,-0.514005968333049,-4.67718298964052
37.31,-0.5137238054202873,-4.516490322874101
37.32,-0.3280354942827215,-5.274520740668576
37.33,-1.7026523226521744,-5.0669299304926465
37.34,-0.3779034273195127,-4.307085510308332
37.35,-0.528392744711365,-4.572644727597496
37.36,-0.8016984493087834,-5.623516969187019
37.37,-1.4293453574879562,-5.465514005689985
37.38,-1.122764959117335,-5.686317750114746
37.39,-0.5693182376970916,-5.839312300611482
37.4,-1.5780126771740461,-5.29628659330879
37.410000000000004,-1.0575594090692644,-5.398553845073715
37.42,-0.6004552039692134,-4.526705302118355
37.43,-0.7350930332764534,-4.844655369030437
37.44,-0.1044204984580957,-4.427367955523238
37.45,0.48623365263098317,-4.502809180664421
37.46,-0.591772439430107,-5.512497201555757
37.47,0.4665952092453261,-4.46843090350569
37.480000000000004,-0.9838583364529785,-4.315686352414218
37.49,0.5278646011209749,-3.4208715197118034
37.5,-0.23882435461897397,-4.8424495093681825
37.51,-1.0938320333287803,-4.214731928168462
37.52,-0.6933585728043877,-3.967080590557456
37.53,0.35776635858929584,-3.6482789391431814
37.54,-1.1739864961677344,-4.7543218578068265
37.550000000000004,0.0933318778347747,-2.696754520616973
37.56,1.2420722566995042,-3.10427741451666
37.57,-0.05315611358451544,-4.033479751235162
37.58,0.9652370159640298,-3.0684822686421604
37.59,0.9724533580338388,-2.695034119827653
37.6,0.5699262705585111,-2.1620360005347345
37.61,1.2265741376719006,-2.989405831297048
37.62,0.4197792471863879,-3.181239892146782
37.63,1.041753212020196,-1.9928371413153394
37.64,0.9063381574234275,-2.1658182827487815
37.65,1.1718086110012165,-2.1360070163128677
37.660000000000004,0.48151162619362375,-2.657779168105484
37.67,0.9608062351179688,-2.9958919643201734
37.68,0.48866274398427095,-2.49038768794099
37.69,0.16919082484721193,-2.621910534648766
37.7,0.8350409100350906,-3.5211719311282126
37.71,-0.4274040542401838,-2.5327407939878177
37.72,-0.24956949052213895,-3.2491662726328436
37.730000000000004,0.92358210413642,-3.5082642843666987
37.74,0.269228400130164,-3.2409246754858305
37.75,0.1802881266300524,-3.2739404977061803
37.76,-0.5315294798463631,-4.285797976237235
37.77,0.1449723673885107,-3.398988652475795
37.78,-0.9313179218945938,-4.69107097971131
37.79,-0.12854214660867525,-4.507940260407985
37.800000000000004,0.009776121388522685,-5.2813180882374615
37.81,-0.3375613822531396,-4.546189592535281
37.82,-0.4520308972036242,-4.970445164488772
37.83,-0.9449869097346,-6.018592441305535
37.84,-1.4685898680025589,-5.362579892327035
37.85,-1.1782285933497176,-5.708152455265607
37.86,-1.7806227380157813,-4.900629710818075
37.87,-0.7986335417318083,-5.0501395726655165
37.88,-1.9531343786648185,-6.984449871258054
37.89,-2.402876845666919,-5.537881370762957
37.9,-2.1165416476539507,-5.091429397241043
37.910000000000004,-1.7431260675740958,-5.491804880127102
37.92,-2.1797652906334566,-4.842513699029121
37.93,-3.826061800303969,-4.549043510496412
37.94,-3.0690063614260494,-4.226020334867038
37.95,-3.1908972581921153,-5.5427143069866736
37.96,-3.235825575763505,-4.525041578570666
37.97,-3.3400552163625763,-4.479374862411108
37.980000000000004,-3.62288657487346,-4.654177532446557
37.99,-4.3842755038329555,-3.416558890051132
38.0,-3.3549601633653134,-4.065567710309109
38.01,-3.8507785100258722,-2.998215637407569
38.02,-4.749662317735972,-2.5618362003778103
38.03,-4.50224469960028,-3.183388769966034
38.04,-5.318463455101336,-3.738188742763277
38.050000000000004,-4.759876345289978,-2.0328187250942893
38.06,-4.592836255356025,-2.783728177877148
38.07,-5.161952008823049,-2.4095560508226725
38.08,-5.1305789720441695,-2.8701883521820406
38.09,-6.0625667356704795,-2.8506958779791276
38.1,-5.81831672066494,-1.0395420352346936
38.11,-4.0501972415345,-1.6384456727881638
38.12,-5.824871274527581,-2.112058508599802
38.13,-6.068362316431951,-1.9884419498952544
38.14,-4.630194861116477,-2.486836601495149
38.15,-5.691431412072479,-1.1280232874663079
38.160000000000004,-4.961794180642421,-3.5149563835484128
38.17,-6.13861708352357,-2.331762449176885
38.18,-6.3555344299857595,-1.8207683468095275
38.19,-5.974429791343043,-1.9981920446991035
38.2,-5.718321833371996,-2.219073127641618
38.21,-5.7103108203129676,-3.8220076146541717
38.22,-5.5256757386448045,-2.833587946212303
38.230000000000004,-4.813141186488123,-3.3408551626303375
38.24,-5.764244382498999,-3.889165913096063
38.25,-4.746368394268963,-3.487698436165996
38.26,-4.933543708737419,-3.60267266251923
38.27,-5.299355727250406,-2.8283685085060672
38.28,-5.540337555765436,-4.697025325232887
38.29,-4.943841376801001,-3.736042905871502
38.300000000000004,-4.669237202082232,-4.579311387054141
38.31,-4.730154548979697,-4.65047553646836
38.32,-4.58914874428672,-4.153514709342424
38.33,-3.3937425122691005,-5.19103240136414
38.34,-3.234476201509742,-5.1009704328290075
38.35,-4.653933836632032,-5.053341059112437
38.36,-4.320092718233082,-4.78506824571143
38.37,-3.6821991926747475,-4.7562485179121525
38.38,-3.564132942424087,-5.442288543997686
38.39,-3.6286144942627168,-4.654319213800335
38.4,-3.6223170774866476,-4.5282188723568355
38.410000000000004,-3.491219784919987,-3.688748162506374
38.42,-3.9355982058147365,-4.38304072762393
38.43,-3.625238425228921,-4.540713265516402
38.44,-3.691549043614052,-3.348585168235539
38.45,-3.1345121619153775,-3.8512265771597836
38.46,-2.717543514195883,-4.214817706146201
38.47,-2.968486439365417,-3.9158867418195213
38.480000000000004,-2.8664903523706364,-3.57088812608687
38.49,-2.3986826268229513,-3.938512169874949
38.5,-3.1399580600629116,-3.7071856302200787
38.51,-3.067188453478104,-2.5980169717885824
38.52,-2.89982246252963,-2.230337898171993
38.53,-2.927658776525398,-2.312553341440031
38.54,-2.4806988891838326,-1.0244123490780144
38.550000000000004,-2.814376512370526,-2.7049183660608684
38.56,-2.2816216858344256,-2.1519008188133175
38.57,-3.165610494238247,-1.5742025987721557
38.58,-3.4938777505872327,-1.8226595687308156
38.59,-3.935390449094318,-2.0115895903757046
38.6,-3.4112840375793336,-1.3154905416687488
38.61,-3.7262692407154985,-1.2971516440173227
38.62,-3.530858420981628,-1.3222096480917076
38.63,-3.1866033395992823,-0.7836251478863326
38.64,-3.678272880157026,-1.7986967877752837
38.65,-3.953752355000729,-1.261548279578767
38.660000000000004,-3.1006438617808607,-1.8708595515373219
38.67,-3.4802828911274455,-1.02281425240666
38.68,-4.306625040744504,-1.7063680298532289
38.69,-3.824448594931206,-1.3459992193453378
38.7,-4.205058401900888,-1.2849849604926102
38.71,-4.1712715954518265,-2.1618127506782923
38.72,-4.621768945476653,-2.0763187725694996
38.730000000000004,-4.003547735135465,-2.9756886655243884
38.74,-4.616388532113571,-2.2185523114227745
38.75,-4.9154980288036265,-2.3586389259999905
38.76,-5.063742210773975,-2.4880547692551254
38.77,-4.974335872991138,-2.604618308235435
38.78,-6.1013543710592035,-3.6784546448777076
38.79,-5.498093946163388,-3.683563322165478
38.800000000000004,-5.559002969164749,-2.8127871241129077
38.81,-6.44264734753212,-3.542591935525647
38.82,-5.998723179790915,-3.5672876490000456
38.83,-5.72431712383298,-2.9142715532847356
38.84,-6.400916106556264,-4.244733344196489
38.85,-7.191138884817278,-3.4130351795414766
38.86,-5.530804213652396,-4.200146969293268
38.87,-6.32397564403497,-3.726020810301361
38.88,-6.698301135806945,-3.648798208031052
38.89,-7.328899076580083,-3.1672821857608495
38.9,-7.2259012503118765,-3.021287224988252
38.910000000000004,-6.518776583547722,-2.9359714258241696
38.92,-6.591087402211713,-3.9235081378724295
38.93,-6.975406768307232,-2.9433508844655734
38.94,-6.520470846174591,-3.4114626766759146
38.95,-6.781888442231217,-2.8011496021334885
38.96,-7.152119526621227,-3.032461520371554
38.97,-6.421596338470154,-2.408754147130018
38.980000000000004,-7.619034356270771,-1.467365611120911
38.99,-7.540241100981722,-1.2924325865435817
39.0,-6.594786376668886,-1.4036017130608842
39.01,-6.9445775484802885,-1.610701625020675
39.02,-6.455103166988895,-1.5553546853106088
39.03,-6.600323531735777,-0.5624193494093734
39.04,-6.813780902033044,-0.8169366219906622
39.050000000000004,-5.526219076144468,-1.404381196019792
39.06,-6.005202702133445,-1.1570892583191803
39.07,-5.8404949949993785,-0.4156211241371439
39.08,-5.326018133792717,-0.5642838536570158
39.09,-6.016376101506164,0.5886003419583129
39.1,-5.701670529606611,0.42074932931008685
39.11,-4.505185786861561,0.5462443609961923
39.12,-4.784162270139142,-0.13645360356035002
39.13,-5.519806538543716,0.1955739599402554
39.14,-4.69833723605321,-0.19231956842878423
39.15,-3.817394759171067,-0.46192597988448225
39.160000000000004,-4.8788455220260865,0.1721447619438692
39.17,-4.372587675002762,-0.19585935198137766
39.18,-4.108639738905365,-0.5764721700639671
39.19,-4.141408227086112,0.07879393341354939
39.2,-2.9775912809769167,-0.25322642610679624
39.21,-3.4892065124641607,-0.8016114247774017
39.22,-3.1403693331579943,-0.3823178674914913
39.230000000000004,-4.459353486278412,-0.050649547983554366
39.24,-2.765571199462202,0.5427814038329917
39.25,-2.6127405970200717,-0.7473993877883818
39.26,-1.0261660735318994,-1.3358557134139744
39.27,-2.869335953419224,-0.9554438989752208
39.28,-1.9541594439158043,-0.9622787356613758
39.29,-2.400637987802118,-0.5648357267207477
39.300000000000004,-1.5301010005026687,-1.4796988538103497
39.31,-1.1278861991081661,-1.8226516548152438
39.32,-1.0849519354481238,-2.2175255112696357
39.33,-1.502457577107233,-1.9469558516451229
39.34,-1.6573177979663678,-2.240286319170062
39.35,-1.4640675113977444,-1.7130960397974082
39.36,-2.154054173150879,-1.8676296421727616
39.37,-2.2000637928113846,-1.9901629657278903
39.38,-1.428930516139873,-1.59114572085858
39.39,-0.8866998349245376,-1.4478160774749143
39.4,-1.8455517765477207,-1.902530440336344
39.410000000000004,-0.2621704495331303,-2.203951416627863
39.42,-2.2555802605002704,-1.2619238927487355
39.43,-2.184263382593752,-0.5543270263585182
39.44,-1.4734879888181698,-1.9484986785337908
39.45,-1.1879194634307693,-1.2119690499630331
39.46,-1.1001562886087153,-0.9462838977118575
39.47,-1.9307983501269879,-0.4308672011876894
39.480000000000004,-2.328977541816375,0.38507949508270906
39.49,-1.0232247644669552,-0.03500395409486935
39.5,-1.4177493579221085,1.1281119337284997
39.51,-1.665367428109504,1.2422521323151208
39.52,-2.2700760180816855,0.7196276149664678
39.53,-2.5150281689472354,0.5263973160122284
39.54,-2.011378845908092,1.2871048190771828
39.550000000000004,-1.9949495303792335,1.2388855319518612
39.56,-1.6122075351161578,1.8152431168428784
39.57,-2.2756785157046586,1.5050992140551795
39.58,-3.3883875796794625,1.2356801303896738
39.59,-2.5388222334881716,1.8144233396811646
39.6,-1.2531515877896104,1.1374261721248415
39.61,-2.272847013089078,2.7771817321641468
39.62,-1.8684732320115591,2.4971706173750716
39.63,-2.2445145100563586,2.0681075038463703
39.64,-3.0472757522163425,1.2187111555564691
39.65,-2.5111009558516155,1.4588315300483758
39.660000000000004,-3.645281712584296,3.0400242036492067
39.67,-2.8962042523387366,2.617388895203533
39.68,-2.4762440023809,2.8851209466700407
39.69,-4.163795048493085,2.480234785302468
39.7,-3.406115008540955,1.618119115431281
39.71,-3.172265700313468,0.5003829701409721
39.72,-3.0900387719102165,0.9983932641863162
39.730000000000004,-3.3934349077499726,1.7181692823745154
39.74,-3.503768287447324,1.2626348220118562
39.75,-3.58780458274079,0.6847512732311078
39.76,-4.204824593503606,1.1825671295087914
39.77,-2.8987211207880086,-0.06650447439730756
39.78,-4.2697408479143535,1.234617506661613
39.79,-2.650033615602553,0.3635610835531157
39.800000000000004,-4.50655388164947,-0.14750948069111314
39.81,-3.266271504603371,0.05417901913171311
39.82,-2.5650767442623317,0.03464105747705479
39.83,-3.543590069987691,0.3731276485715745
39.84,-2.4203040236702877,0.35080747188325445
39.85,-2.9626829981252687,0.09421229138735768
39.86,-3.39561943571897,0.2949652656675865
39.87,-3.61573242514181,-0.08228790746960624
39.88,-2.4580325284101905,-0.48739457652826557
39.89,-2.4895872687662237,0.2829317074814311
39.9,-1.2538940897690285,0.5646201584410102
39.910000000000004,-2.4476637769374543,0.16649549785870915
39.92,-1.81706510015861,-0.7493819043609438
39.93,-1.074041377134608,-0.3663349706761617
39.94,-1.316718403717816,-0.41107877419553485
39.95,-0.5701210523955336,0.8729233048580867
39.96,-0.9851651315663896,0.9518161347644432
39.97,0.0886675156253447,1.2585983244973575
39.980000000000004,-0.8343994330269806,0.49567372058467485
39.99,-0.26415855052651976,1.7995435929211354
40.0,0.6608302003660166,1.9640024017612423
40.01,-0.12493702305909346,2.0333912389100557
40.02,1.0512742746594383,1.289186720132824
40.03,0.506612776236935,3.211782664995213
40.04,0.6306071279195977,3.0420997907840013
40.050000000000004,1.65083033107239,2.7937248245722257
40.06,0.9552022583311275,2.995686443344005
40.07,1.3153342428841026,4.509849635991709
40.08,2.2917126126939604,3.2298341435747004
40.09,1.1771897877605744,3.28863780551572
40.1,2.120405213486532,3.4044619622283943
40.11,2.3086230128416676,3.5708459974130395
40.12,2.3261580157688977,3.8577679511688445
40.13,2.716680786643728,3.922937185396513
40.14,2.8154473333840357,4.53438215711307
40.15,3.3874207316643354,2.9019644704603156
40.160000000000004,3.9465495221268734,4.0677499774579235
40.17,4.112329070321124,4.484828141713896
40.18,2.3304747162465653,3.0742469534154737
40.19,2.234685065281022,2.6926994106889115
40.2,3.225865977549678,3.5865609878671263
40.21,2.77284718278563,3.120709664450492
40.22,3.618975201668607,3.642107403919665
40.230000000000004,3.5736159532779896,3.1085343007603194
40.24,3.6751450341844154,2.293360387699412
40.25,3.3104662866572867,2.7890356803089165
40.26,3.3431699731373503,2.1944396093056096
40.27,4.561352289651282,2.5012007841291855
40.28,3.141166397040586,2.3480785219890117
40.29,2.8710926103002423,1.8680987459981362
40.300000000000004,3.8536967924560233,1.2104975777077494
40.31,3.29276971011101,1.2008632214205341
40.32,3.161941059127616,2.419386788754382
40.33,2.7718328919504027,2.2531322513476595
40.34,4.1418423322012305,2.341147068333935
40.35,2.5560927567752856,1.803935070604438
40.36,2.8740570189727386,1.2155018317385717
40.37,2.5540184461914945,1.3470814157882165
40.38,2.9452288171213215,0.4781414235867607
40.39,3.3251675849043476,1.4982467229841263
40.4,2.692629971999311,1.9566945799370585
40.410000000000004,2.580911564221561,2.378471443719429
40.42,2.2353388730788124,1.9315050483642544
40.43,1.6591304634435264,2.901919986470676
40.44,1.5806540176483486,2.1858498120304772
40.45,1.4941739319605372,2.4603245761548553
40.46,2.417679640161565,1.7872497625853039
40.47,1.6317466322022416,2.289175431204935
40.480000000000004,1.6131670485991276,2.6756269874534597
40.49,0.7608278287261359,2.764272512553186
40.5,1.9346639260442469,3.2318894764038304
40.51,1.8360650666128433,2.8714961520687368
40.52,0.76097133112041,3.687778237048864
40.53,1.2492661368678823,3.5119356316421206
40.54,1.678311288469597,4.0549363292019835
40.550000000000004,1.2263845211687918,3.6101208449304765
40.56,1.7542906574979364,5.2181297675184215
40.57,2.3352034165823317,4.025031725737739
40.58,1.538963000337751,5.04524047892134
40.59,1.7159405551386115,4.779437597106122
40.6,2.2065856587641095,5.304582345418073
40.61,1.1924426180001424,5.1081895395542105
40.62,0.9515985526227895,4.798730930107218
40.63,0.758787941277309,5.734557557247358
40.64,2.346516676519359,4.755902001599632
40.65,1.885195540035643,4.561934428219097
40.660000000000004,1.4502208867030424,4.917425257263446
40.67,1.742130761892109,5.553432467813577
40.68,2.632668179529917,4.46630287971869
40.69,2.477967853719025,4.604543521232208
40.7,2.0275981093735345,4.222442514852437
40.71,2.7228484843296408,4.798459975329228
40.72,3.1879462702499444,4.417248709089814
40.730000000000004,2.9354280499454357,4.211036547012859
40.74,2.300439757113259,4.416450900893499
40.75,4.139974480784992,4.121254923242947
40.76,2.0269680994051824,4.341597185532895
40.77,3.070548380114114,2.6104712985436653
40.78,3.261377045792437,3.692801435779688
40.79,3.5360128937302617,3.434939114288742
40.800000000000004,3.2537529334201856,2.1121943395769245
40.81,3.5958803796115064,2.557136729482374
40.82,4.397240193623266,2.4444889040142934
40.83,3.7744716607173254,2.323763634451447
40.84,4.1200463867904284,2.1611980243875237
40.85,4.4812387326310885,2.195250903875148
40.86,5.494557021858074,2.254210355179882
40.87,5.384349995703396,2.4430858372539155
40.88,5.266899246356856,1.8939120777404332
40.89,5.497170214711101,2.6193676190326034
40.9,4.957807175260496,2.7364513170706846
40.910000000000004,5.290581388247073,3.44548546753968
40.92,7.045189769466377,3.277692458096398
40.93,4.579630192590545,3.304905794572675
40.94,5.933513081453069,3.1350453912995264
40.95,5.785871033338146,2.745865418924034
40.96,6.50112557768458,2.773452940123466
40.97,6.158859172468032,2.6435540575874246
40.980000000000004,6.826099577379932,3.879792659486951
40.99,7.1857273007651505,4.238339875872429
41.0,6.641225394028001,3.5869564553192514
41.01,5.951200671703298,3.591643389665962
41.02,7.129275762689558,4.966358232943304
41.03,6.877319306850703,4.385271673847932
41.04,6.960605000594599,4.262201323628002
41.050000000000004,7.156495908495611,4.459206021994927
41.06,7.439134112796186,4.758653634473946
41.07,7.084166226475038,4.501332461823622
41.08,6.663941817222707,5.485089578023483
41.09,6.730695156305098,5.377609861705497
41.1,6.566775371621385,4.557755845330032
41.11,5.373651073082204,5.667459311738465
41.12,6.918466643618248,5.402240060948061
41.13,6.2045621065683045,5.617488416741557
41.14,5.908772622103391,6.0263803986287545
41.15,6.31710871062852,5.569043368295741
41.160000000000004,6.6420265135438505,5.187999620067732
41.17,5.712383773642198,4.89760580460264
41.18,5.714876598187524,5.465842996829351
41.19,6.067525364456017,5.25850411671977
41.2,6.647062396811622,5.5941145549538795
41.21,4.473055205693005,4.2067541021698345
41.22,4.8976976354006325,4.995680467735182
41.230000000000004,5.107624127940422,3.7094558986026294
41.24,5.119898639872716,4.170826019544978
41.25,4.916486732311681,4.139230358586918
41.26,3.680627233187842,4.063671638498044
41.27,5.23994340286352,2.982455046145705
41.28,3.7663711818736565,3.4776349395910957
41.29,4.396638507563932,3.0439805215700426
41.300000000000004,3.6105929135799624,3.159138148453894
41.31,3.660295925065199,1.9990339527655663
41.32,4.484603562745632,2.3690353977226746
41.33,4.002912088027352,2.6658809937792496
41.34,3.3462689285008436,2.940699065501598
41.35,3.2098816799350494,2.642817995729953
41.36,3.4362565874780566,2.458731519716165
41.37,3.12666514648041,1.8362895052623402
41.38,2.799166887814813,1.5867021861267485
41.39,3.587110141392747,2.7292457888994632
41.4,2.868063538377426,2.2422408796716207
41.410000000000004,3.3619029010437473,3.102172109971157
41.42,1.9710775115791093,3.2547292422186582
41.43,3.265284399949804,3.3899001376793376
41.44,2.192280781808966,3.7877422170562793
41.45,3.044749446244452,3.7888456592801103
41.46,2.0897172608935253,3.0686530966299728
41.47,2.083964735850762,3.509068467472229
41.480000000000004,1.903654983659882,4.018973476367016
41.49,2.841743805185304,3.1965398469044835
41.5,3.0950017700433943,3.752954928310527
41.51,2.978927873388106,4.280489363821079
41.52,3.690248031404896,4.295332186785926
41.53,2.6272300855195017,4.2184532204918606
41.54,3.2795276834502594,3.713258162461409
41.550000000000004,2.74327348549992,5.298324429713494
41.56,3.7779050164068346,5.6022703540444025
41.57,3.241022590228982,4.780911004374539
41.58,3.098527478443657,4.2226139131784866
41.59,3.6308972440979392,4.429026713952982
41.6,4.009546477096244,5.267757009448205
41.61,4.405048990635985,5.675491911950161
41.62,3.915244192979644,5.170800776192016
41.63,3.0577618842072236,5.171393963817738
41.64,5.086434642054899,5.5436877401506255
41.65,4.073096685509984,5.0243016718600755
41.660000000000004,4.432261123870948,6.172160809224438
41.67,4.119945505923267,5.4615516564792825
41.68,4.806407889787409,4.446630753816982
41.69,5.868139056391422,3.8614960298167786
41.7,4.694165745524876,4.290090426575209
41.71,4.694981027446212,3.1572473497980043
41.72,5.1104498091525725,3.912775034604967
41.730000000000004,4.820243872336226,3.9553373838815844
41.74,4.7627398689235285,3.939200819046598
41.75,4.589945109661092,2.3888027161077536
41.76,4.863599117196862,2.4139549887714984
41.77,4.668018526502252,3.2744482499850234
41.78,4.924489320106462,2.2436060487568543
41.79,5.633453588485768,2.51193393296222
41.800000000000004,4.945195663385301,2.8806182728342384
41.81,5.850433311912965,2.1770121041397874
41.82,4.717279602114697,2.2319033866297824
41.83,6.257170035603262,2.4173340613741203
41.84,5.687492894097839,1.7391644937448028
41.85,5.93286562487476,2.150919516905346
41.86,5.825898685077225,1.7133444459582243
41.87,5.724646007956454,1.1131558573556493
41.88,5.786591061271437,2.763196662604197
41.89,5.703276357937564,1.6068771069261611
41.9,5.545177846702486,1.9789719928946266
41.910000000000004,5.984493652238345,1.738427928532046
41.92,6.306868162804338,2.120545092644533
41.93,5.18433552979432,1.1852204020624946
41.94,5.3176656022718065,1.3246166929261478
41.95,5.01337699174053,1.770017521173799
41.96,5.725241751567051,2.652802559158213
41.97,4.9696078528180045,2.0329485926313806
41.980000000000004,4.526079803471692,2.93307230117514
41.99,3.7910458075050126,3.1808548302770747
42.0,3.651750995554898,2.2267233308773515
42.01,3.50228465164515,2.6358087334929667
42.02,3.9424914798651356,3.055048410475087
42.03,3.82008271521916,3.1109313522788673
42.04,3.0522301623828114,3.159220463233041
42.050000000000004,4.025930735638042,3.2217752711410568
42.06,2.7606045314765946,3.182067597359447
42.07,2.8228846768119245,4.48991804209352
42.08,2.557891685294905,4.200329665570021
42.09,2.884446605019138,4.181679080115322
42.1,2.1007702877251377,4.344632572367176
42.11,1.3947288605626174,4.617558182134613
42.12,1.3863051031580924,4.477608419987059
42.13,2.3022054357422657,4.109878980330942
42.14,2.043048898037575,3.4172876358351556
42.15,0.6323404662700757,3.5772345010280913
42.160000000000004,0.9827717837829816,2.9208685808356707
42.17,0.0988581920456778,3.7586227228215328
42.18,0.4738871578312457,2.962239314227322
42.19,-0.059564663609975144,3.8414708810498426
42.2,-0.15629228102116716,2.7088620080635937
42.21,0.23200047467870138,3.159240053260837
42.22,0.25021386253597055,2.1218810613194767
42.230000000000004,0.28386561913205927,1.5194336562948734
42.24,-1.0244149711183725,1.590808887388401
42.25,-0.4087634908906902,1.9360076071307932
42.26,-1.539771947912344,2.130508161696532
42.27,-0.7904000086060625,1.2801368149778665
42.28,-0.6817761976939086,2.165781563353229
42.29,-0.8204038082673153,0.8838549357481307
42.300000000000004,0.03189108522112083,1.0888414390112666
42.31,-1.279019354796168,0.9015028995903923
42.32,0.01584833320375434,0.9816593626790436
42.33,-1.1849360886365417,0.6921358349182491
42.34,-1.4540229197987924,0.009979301051062872
42.35,-1.0520683633901904,0.763465632460788
42.36,-0.42511404824924576,-0.6961370206104134
42.37,-1.539415322709149,-0.028536745436248873
42.38,-0.22904384939357203,0.6351022971795358
42.39,-1.1988696722204533,0.3655058840235856
42.4,-0.43431107205154296,0.2859795572102085
42.410000000000004,-1.207596291606349,0.17325516200886187
42.42,-0.9134258721979116,-0.3171486739801797
42.43,-0.8969187098634166,0.42972918050179143
42.44,-0.26518816886724295,1.4703999346344665
42.45,0.020560760619538876,0.6704291393928895
42.46,0.14886918767559693,1.1391079182310908
42.47,-0.8366071183089123,0.491632166706257
42.480000000000004,-0.7315302280095122,0.6310356311731757
42.49,-0.26330766037896436,1.1241433624028419
42.5,-0.3281296152510017,-0.023135317941674005
42.51,-0.21555170382039834,0.7121145439100035
42.52,0.5411996530610853,1.7767577274742987
42.53,0.2309752722926413,1.1138641768730104
42.54,0.16645996659146972,1.3491219334369595
42.550000000000004,0.9787742420159387,1.9109410433349159
42.56,0.889043990597095,2.283130245410746
42.57,0.20755291377523893,1.5511201323047525
42.58,1.4499115797849371,3.027928853746693
42.59,-0.27457803272480197,1.8749510703355208
42.6,0.017489374919506973,2.5569269248639266
42.61,0.3531367876945024,1.5672644282390804
42.62,0.2776465435737434,2.3061611864756353
42.63,0.38552765480956136,2.484821710764407
42.64,0.8104744689017227,1.846016080102873
42.65,-0.18879295534601925,1.896334181915873
42.660000000000004,0.571208506354757,2.1069414023572355
42.67,0.564977347288443,2.2940407729922274
42.68,1.4076972273983253,0.6356137713747453
42.69,1.5175053985191893,2.02100893657396
42.7,0.33248756818976716,1.664145760392993
42.71,1.2679624026022838,1.1638690368374638
42.72,1.0409759181136318,1.5153257564164888
42.730000000000004,0.49242732744806983,-0.11676145414281391
42.74,1.1589513937583709,0.13360385556461907
42.75,0.027347919120353004,0.2041204817373514
42.76,0.4481956509917011,1.3544561831992539
42.77,-0.25615286742760995,-0.050806996337911914
42.78,0.65579945085955,-0.35447428909428724
42.79,1.1964514060021627,-0.22597761440717506
42.800000000000004,-0.826922263340439,-0.9280868706442059
42.81,0.2415784878745687,-0.8625438456831143
42.82,-0.419779488357481,-0.8153518641564181
42.83,-1.1843507075033064,-1.3786953276738074
42.84,0.5824183550853599,-0.903669872593321
42.85,-1.4453804217923178,-2.052916164270642
42.86,-0.49355559365467483,-1.3519018058701986
42.87,-1.7589889895150121,-1.7124354836275713
42.88,-1.6552591837759458,-1.3435862376028933
42.89,-2.6203460894961568,-2.0781794577924257
42.9,-2.750959877774166,-1.9833845808987085
42.910000000000004,-1.596448240941944,-1.54469440670109
42.92,-1.388659587009161,-1.9697363836968766
42.93,-1.8561156564386794,-1.8649638879371278
42.94,-3.323221678359548,-1.243644040687368
42.95,-3.813110351064414,-1.5908906426541467
42.96,-3.5992312183547908,-1.2909587453359115
42.97,-3.811747396499157,-0.870078014704676
42.980000000000004,-3.5705027234530804,-0.615339979676027
42.99,-3.449528693987129,-0.5470353440305413
43.0,-4.058910427130968,-1.3595930070121112
43.01,-3.917114562071686,-0.7415972592663915
43.02,-4.057727045081712,-0.7297600444664819
43.03,-4.714817327636058,0.4901028131533611
43.04,-3.4739454498045195,0.5337330956297872
43.050000000000004,-5.364098119270386,-0.5682338272079349
43.06,-4.726774039725717,-0.5319331552706483
43.07,-4.611317171579671,0.4416687703410075
43.08,-5.3358621681669325,0.9083787322029465
43.09,-5.001319124153277,0.22559487792996757
43.1,-4.915742319751198,-0.09278410954436961
43.11,-5.763456641974425,0.5754965489989896
43.12,-5.9898714461400235,0.7878317075676402
43.13,-5.5752587309827915,0.3216494553308846
43.14,-5.794664646955352,0.7809275108950569
43.15,-5.938791681714233,0.42075679506277736
43.160000000000004,-5.787242013943793,0.9085545303375514
43.17,-4.515641068486095,0.24843501704875443
43.18,-5.58656179859087,-0.5101829150475343
43.19,-6.562622334120923,-0.04329396361717608
43.2,-4.281606169923426,-0.397740813424066
43.21,-5.5010700223428595,-0.8104755522872419
43.22,-6.417127677190516,-0.5576612902747675
43.230000000000004,-4.552078681262612,-0.845814218335058
43.24,-4.553166059161829,-1.6079315771938647
43.25,-4.921174591824008,-1.8818120142007118
43.26,-5.468545292742635,-1.4389973979365331
43.27,-4.833716507824781,-2.260537851356874
43.28,-4.993943270389129,-1.5749922830996743
43.29,-5.24637260873252,-2.734134879632353
43.300000000000004,-4.803888849203682,-1.4620525256324426
43.31,-4.513627316065165,-2.543502009217841
43.32,-5.080535385702135,-3.0384811571916006
43.33,-5.387353798548592,-2.7418934703569016
43.34,-4.543957823080661,-3.4892407490062025
43.35,-3.146281446274351,-3.441339950289557
43.36,-4.958123563025572,-3.9924234727638925
43.37,-3.9288465896166485,-3.660433412446863
43.38,-3.5797348680122054,-3.9194986512199925
43.39,-3.3340146370894104,-3.1511466283623344
43.4,-3.40699283825672,-3.226872888166295
43.410000000000004,-4.038104926362657,-4.002393761861358
43.42,-3.4443122222998848,-2.9621341501749603
43.43,-2.6775687066528224,-3.5716431611303205
43.44,-3.6027287970196102,-3.3483743224832847
43.45,-3.6858755405641572,-4.610096935691516
43.46,-3.31818513218365,-2.7324575935177196
43.47,-3.186800485142781,-2.9211850188835817
43.480000000000004,-3.0229082702755656,-2.668316866868438
43.49,-1.933292669832979,-3.174408802280722
43.5,-2.773113872770225,-1.4965150510480103
43.51,-2.6757257310290194,-2.693225807099717
43.52,-2.4495444745267063,-1.7946085150790585
43.53,-2.0924972154250137,-1.799770792692811
43.54,-3.6752737987283206,-1.7152947479692788
43.550000000000004,-2.8019167690710516,-1.950565754376809
43.56,-2.741932973854209,-1.6956765439804544
43.57,-3.93892845997102,-1.5086215820146665
43.58,-3.1848497323012857,-1.4135560491795909
43.59,-3.2438485086962987,-2.0118951906708626
43.6,-2.428901779886661,-1.5367634386133457
43.61,-2.94268745817042,-0.9523127578714554
43.62,-2.374845356571777,-1.2902314339722418
43.63,-3.3005403134152287,-0.7033902466096856
43.64,-2.5022153281411774,-1.5314018159264393
43.65,-2.9285987396337485,-1.6157264869666113
43.660000000000004,-4.51518409993372,-1.418973512818017
43.67,-3.676274850999662,-2.5490641973600936
43.68,-3.9983648582010494,-2.0901521036386033
43.69,-4.129787122042382,-1.825724842855452
43.7,-4.1136213135011035,-1.1969493918189837
43.71,-4.565225065098955,-1.8331284634761813
43.72,-5.234214005059215,-1.8856306460745667
43.730000000000004,-5.387578545429321,-2.4902789302569515
43.74,-5.174938844879941,-2.8218069552584564
43.75,-4.448536728742292,-2.334114452955249
43.76,-5.1553140869805185,-3.651610852883356
43.77,-4.8458004861186925,-3.679208987883847
43.78,-5.115685603270772,-4.348878533727332
43.79,-6.151600818703478,-4.416606138213039
43.800000000000004,-5.276662789061995,-4.763835861321384
43.81,-4.814446891522887,-3.192303934825814
43.82,-6.157727167930555,-5.112918854726638
43.83,-5.637863863767651,-4.336933186189729
43.84,-7.002346112520614,-4.577107619477459
43.85,-6.182642394030746,-4.288343798438459
43.86,-7.228673685959136,-4.810303959664849
43.87,-6.2070417066544,-4.250711948564552
43.88,-6.933101164110629,-4.851422773382169
43.89,-7.507719731334277,-5.004850298368419
43.9,-7.414360213302124,-4.759633388221398
43.910000000000004,-6.298302255843299,-4.285532832809701
43.92,-5.975795298375704,-5.449987470636043
43.93,-6.653580483176641,-4.523336413540353
43.94,-6.858526709850211,-5.151824786466479
43.95,-6.119325348655207,-4.760996339362702
43.96,-6.7298818590956815,-4.927602298092527
43.97,-7.238360015273864,-4.410150153897076
43.980000000000004,-6.7057344343938246,-3.5992886776050073
43.99,-7.112201269304617,-3.481417547901836
44.0,-6.986367819584572,-3.980925957668906
44.01,-6.133602898541112,-3.6534780236344098
44.02,-7.533361837600923,-3.0987829874594524
44.03,-5.7136506496625685,-4.352860977538035
44.04,-6.404469293861895,-3.180486742910915
44.050000000000004,-7.120537513006974,-3.278230527588962
44.06,-6.0494725372134805,-2.4920138750388396
44.07,-5.92343496026684,-3.0243532829305395
44.08,-5.177502633524929,-3.0728517181278727
44.09,-4.981191980585251,-2.6312720247511128
44.1,-5.217688376817149,-2.196942868935373
44.11,-5.530031508686253,-2.7725708820713533
44.12,-4.888360219154489,-2.7127371137255945
44.13,-5.155593808385284,-2.813768981913997
44.14,-4.740318448386416,-2.3100583638210903
44.15,-5.192009463231591,-3.6265987776760618
44.160000000000004,-3.759829955411432,-2.2981462286493075
44.17,-3.439554367419986,-2.48923911368045
44.18,-3.9718166860096824,-2.023295168197388
44.19,-3.0036824470519456,-3.716853427564268
44.2,-4.056675251409629,-3.163381185252782
44.21,-3.062893678533179,-3.436840954292669
44.22,-3.3504004936779177,-2.977268343983924
44.230000000000004,-3.9465531674798253,-4.103326277576491
44.24,-3.8424162424111206,-4.499063236484643
44.25,-3.4657261550965965,-3.929822555272026
44.26,-2.8141460003912306,-4.4407164455402
44.27,-2.4257098182549086,-3.8506449634150024
44.28,-2.170519299771965,-3.6862793245111902
44.29,-2.9256187453806017,-4.071012047333055
44.300000000000004,-1.721146521240538,-5.717081942952324
44.31,-2.0625766951513724,-4.9593407300188534
44.32,-1.4787875591486204,-4.749588364160464
44.33,-1.3832527867689275,-5.080498706845761
44.34,-1.7472004237265726,-5.9464807194854306
44.35,-1.303345955262588,-5.406659347216406
44.36,-1.611986049776219,-4.903460170336459
44.37,-1.8864127062395448,-5.660607110467434
44.38,-0.6789865897783192,-5.818280385684335
44.39,-2.3055346016138953,-5.565763588387759
44.4,-1.5421397026816086,-4.994127526558054
44.410000000000004,-1.4844756721101013,-5.355132635060851
44.42,-1.4226401937003903,-5.0971257816377715
44.43,-1.1508280664896717,-5.062691946255181
44.44,-1.5271259422208954,-4.944894382276489
44.45,-1.276848826342672,-4.059769245638156
44.46,-2.393949226422545,-4.6002391741139395
44.47,-1.7108953322936422,-4.832037097660219
44.480000000000004,-2.5417620896282607,-3.881738929299819
44.49,-1.4856786920289453,-4.334507505872843
44.5,-0.8154279606561113,-3.0914877977621305
44.51,-2.0876467856182606,-3.53299756478443
44.52,-1.7333169788312734,-2.6987336096841807
44.53,-2.785199722281532,-3.4278944068263506
44.54,-2.3681175098997955,-3.2492749746488885
44.550000000000004,-1.538388600106765,-2.923343637510424
44.56,-1.9276439634356335,-3.2252009285053
44.57,-2.3814331400287814,-2.569312974177486
44.58,-2.2345848175757315,-2.393222763764255
44.59,-2.462685766795576,-2.734104794130874
44.6,-3.0452566715845304,-3.224431481541392
44.61,-2.5931697980699453,-2.6350758886525014
44.62,-3.109771081125697,-2.987062262210074
44.63,-3.691665756001562,-2.351349763859861
44.64,-3.2396988522780004,-2.5790071244997583
44.65,-3.057554469633647,-1.8137628015796827
44.660000000000004,-3.2571834160334134,-2.571562932545905
44.67,-2.4184993597831506,-2.4301744215251992
44.68,-3.4605150165282708,-2.986540807731475
44.69,-2.745555300843042,-1.4000490762499815
44.7,-3.3666631435059666,-2.4082721258087885
44.71,-4.586531995027622,-3.6366173677115903
44.72,-2.9196128748530854,-2.1394170130544548
44.730000000000004,-3.096944862653267,-3.1530116371613093
44.74,-4.07072749474169,-3.661543670296676
44.75,-3.7142942776373946,-3.7603302474354807
44.76,-3.705957089922099,-4.169661912782502
44.77,-3.781072294206411,-3.9644695479936436
44.78,-2.7773488285858594,-3.7180244275437904
44.79,-3.321222304657471,-3.6390071940008153
44.800000000000004,-3.53291607424267,-4.827833371952041
44.81,-2.7651117815631685,-4.648466614979363
44.82,-3.6534970155918085,-4.975922610608416
44.83,-3.4779109063761906,-4.4661876091782275
44.84,-3.2363874457846054,-4.891627191211162
44.85,-3.369502854447879,-4.214529173850723
44.86,-3.235383252684367,-6.372025689137894
44.87,-2.826872163720885,-5.976996758936911
44.88,-2.0351102470432263,-5.337810865712608
44.89,-1.401187240694615,-5.185205919228682
44.9,-2.978416410126999,-5.013589463669491
44.910000000000004,-1.8024263952935478,-6.229289348520832
44.92,-0.9148237763268638,-5.466269118758062
44.93,-1.3051373836624225,-4.871836688262332
44.94,-2.1269954888818057,-4.401251050564179
44.95,-0.4814911248819358,-4.362400399437613
44.96,-0.7542266406561424,-5.061326818313299
44.97,-1.0759120930078487,-3.7070201438932147
44.980000000000004,-0.2206783324334437,-3.6073522095294566
44.99,-0.23832630133763644,-3.81026070896833
45.0,-0.4444914687850493,-3.0982215829222564
45.01,0.013524425608330476,-3.1230453216778225
45.02,0.30802595000202265,-2.3881793938266176
45.03,0.8132826631052383,-3.060814124974923
45.04,-0.0680482241284236,-1.7494998764297183
45.050000000000004,0.2680793795494353,-2.776003314798839
45.06,1.5023240975703627,-2.479217257796823
45.07,-0.22034824958541965,-2.6562040632047887
45.08,2.2509028503473427,-3.4728506409771485
45.09,2.1846680369622717,-2.216772651409699
45.1,2.0229225526088133,-2.213439902690808
45.11,2.3294861318860223,-2.1405010267271054
45.12,2.356011757626476,-1.2734404623021822
45.13,2.429122304333706,-1.9931008822977423
45.14,1.9526716966802389,-1.3024715872978834
45.15,2.6449974267124388,-1.9128015985127633
45.160000000000004,2.078550737889091,-1.6608883072262461
45.17,3.432218677273954,-2.0168239481124974
45.18,2.836496002141143,-1.9682873127112221
45.19,3.137515330590446,-2.8678361029250494
45.2,2.564660693235039,-2.1026073560327654
45.21,3.053303294191839,-2.14431928092319
45.22,3.388529102665581,-2.7070234899478027
45.230000000000004,3.539052592875038,-2.1237129252917892
45.24,3.618468947372161,-2.2666199294419984
45.25,4.0331435870961405,-2.6102467509498086
45.26,2.894518344306702,-2.2710315343336274
45.27,4.446024460815042,-3.2404312243989404
45.28,3.96375534505602,-3.995475935462663
45.29,3.599529245868136,-4.3564709738036225
45.300000000000004,3.446072933933514,-4.54619969484298
45.31,4.286885115545408,-4.838996635822925
45.32,2.5138729707918213,-2.965879592028309
45.33,3.3771474946286637,-3.723097913715498
45.34,3.1292389249465464,-3.7895941941333855
45.35,3.9753310462396234,-3.796361858013843
45.36,3.466223497931323,-4.1943634814998685
45.37,2.512805773822262,-4.803559152091281
45.38,3.7564637489446717,-4.51284239892678
45.39,3.2003091124656176,-3.511673226445586
45.4,2.961164699784899,-4.837166668338561
45.410000000000004,2.615815276147696,-4.206416187909173
45.42,2.1094579016263393,-3.8951260274053205
45.43,2.065799564683292,-3.509740949807369
45.44,2.482515584387782,-3.2691929615832906
45.45,2.752682299707209,-2.440744616260958
45.46,1.7111022691343363,-3.0499032529313337
45.47,2.2938949625498584,-2.9231004118319697
45.480000000000004,1.828707567269779,-2.456964150845469
45.49,1.3636208882509813,-2.593078994103549
45.5,1.467272184970044,-2.669319468603428
45.51,1.2885159945132498,-1.7834524542157961
45.52,2.8222459163152545,-1.4546466270879832
45.53,1.2506857320796991,-1.3403388453889673
45.54,0.9265691569227483,-1.314282924945078
45.550000000000004,1.2507790803797179,-2.216891887036875
45.56,1.6689034039838508,-2.325071236230271
45.57,1.3517392022649641,-1.6758393081414948
45.58,1.3138049609359161,-1.1792387253414418
45.59,1.4361530016550519,-0.4108966456113924
45.6,1.3968436017104506,-0.40880971783626263
45.61,1.5273492333360548,0.30325570922324674
45.62,1.3282874767358601,-0.10001671321106587
45.63,0.891386192125226,-0.4494739082901098
45.64,1.2750431925638084,-0.5753443818397158
45.65,1.5966390721938588,-0.6433198993228111
45.660000000000004,1.2748362094603225,-1.1693337805659791
45.67,1.07963190509028,-1.178878595794235
45.68,1.4157206577888606,-0.01932441446041311
45.69,2.2330478979607427,-0.7804498920618692
45.7,2.285173831009769,-0.1815341228233115
45.71,2.2635962878601217,-0.8133076410856498
45.72,3.012517340667456,-0.816146699501943
45.730000000000004,2.9300889454583396,-1.1898155804393775
45.74,2.981357539046228,-0.7734105796203448
45.75,2.707488382538821,-0.8312332884493102
45.76,3.5775598830800925,-0.8099473647653528
45.77,3.8576432810049344,-1.0927913692809383
45.78,3.3712672506351344,-2.6990167896918997
45.79,3.526478883565562,-1.9738795921570644
45.800000000000004,3.3762967097135115,-2.4436692639872493
45.81,3.933374450759141,-2.914443588660883
45.82,4.7938553514934545,-2.1077342132663324
45.83,3.3504392837570824,-2.313665566125111
45.84,4.149550299290738,-2.246584272006568
45.85,4.701664405779956,-2.590461535942661
45.86,4.34163169294588,-2.1411754129499525
45.87,5.001538659434174,-2.5114531290520534
45.88,4.568815042958427,-2.6983401811153005
45.89,5.394147181735106,-2.2027777237162076
45.9,5.869887559270194,-1.2783428266636643
45.910000000000004,5.726971767512838,-1.5341430251191281
45.92,6.223146033646919,-2.5832875859062803
45.93,5.774827262325636,-2.437898888331963
45.94,6.710993583709915,-1.3226432572730693
45.95,6.167768772183606,-1.577506468236194
45.96,5.943278159603175,-1.9333407081559195
45.97,6.617547219548531,-0.2998278335498835
45.980000000000004,6.542907498139274,-0.5131678223158544
45.99,7.025515072575558,-0.6879779387182023
46.0,6.408700075653448,0.15051075577788042
46.01,7.744987588803497,-0.20363535232382973
46.02,6.240646311583301,0.4666549142777847
46.03,6.222722974555161,-0.08837383772604707
46.04,5.5107097799944835,0.14164387202274326
46.050000000000004,6.905709493604829,1.2579926251688416
46.06,6.776004572528551,0.7637132390735304
46.07,7.04931588032448,0.9559105774330848
46.08,7.234596888136173,1.4840186138832343
46.09,7.240524820717105,1.8711510112935015
46.1,6.521119908099705,1.335040092774571
46.11,6.3952817887195375,1.4655084456646208
46.12,6.4091960989266035,1.3481162997373355
46.13,6.017553620045908,2.0076885113915837
46.14,6.605555041773437,1.3863217067677003
46.15,5.287394190574279,1.7888574925788343
46.160000000000004,6.9510049895200865,1.803001106753897
46.17,6.45512843993974,1.3033525791503544
46.18,4.8804152316002885,1.5193282144027422
46.19,6.256113874063195,1.1136985707885418
46.2,6.116718393728304,1.159712275664869
46.21,4.615520237090755,0.9609572328233155
46.22,4.547077910503864,0.707053205769274
46.230000000000004,5.667682939423898,1.5359329602665608
46.24,5.879892420910553,1.0043183638458824
46.25,4.542412410243589,0.10430745976402983
46.26,4.352767081849034,0.4364539619950033
46.27,4.469824416953933,-0.14305080176604335
46.28,4.677219131700293,0.033550335395869414
46.29,4.225688423912587,-1.0977464793706146
46.300000000000004,4.921987327526619,-0.4267384560583505
46.31,4.3989142032375765,-0.8472748251630673
46.32,3.834414058877106,-1.5887661554984696
46.33,3.7806324701261564,-0.5849088488694243
46.34,4.423560518166767,-0.6405916428997586
46.35,3.4592049968129954,-1.197898221974648
46.36,3.1191289465168506,-0.980183165674345
46.37,3.453799294521263,-0.8318575280091061
46.38,3.494913145690166,-0.8623178180501385
46.39,3.374800620627593,0.07097328797498337
46.4,2.5167103828935216,-0.3900956913892871
46.410000000000004,3.71148142376477,0.6394935734170966
46.42,3.6123144538948635,-0.7277980924594651
46.43,2.6543266006296284,-0.21377474215226824
46.44,2.760158639522281,0.7969865295348435
46.45,3.542937590229749,0.025975454910551143
46.46,2.518126656932829,-0.3450448488693758
46.47,2.974713328088669,1.249969990368411
46.480000000000004,2.617091488276549,1.5811833048474313
46.49,2.5857200667215037,2.241435529837597
46.5,2.9383311278660207,1.4385310953749846
46.51,2.121996596180246,1.9293486987940707
46.52,2.2073509171393777,1.4434762151045475
46.53,2.7979845970232162,1.8074913624589342
46.54,1.9509496785526834,2.229862842504902
46.550000000000004,3.1792755566392485,2.1529927809582583
46.56,3.9524616762045306,2.6285077862051693
46.57,3.2285804737136656,2.5200833094590016
46.58,3.597889812113304,2.6111162174299936
46.59,2.395942658014515,2.5903211305535683
46.6,3.436190984147516,2.7345348817750197
46.61,3.138549848822281,3.191927924103942
46.62,3.4063348409955574,4.699608084916919
46.63,3.5018597777204357,3.6901191025936
46.64,3.6853786794385837,3.091221206395995
46.65,3.950034406905092,2.404963769281129
46.660000000000004,4.901626605436515,4.1007371764998
46.67,4.863321563093718,2.515324964445942
46.68,3.9363151923920796,2.9744745246952506
46.69,5.071599005547709,3.602754912833797
46.7,3.7346373489710945,2.9767467564580654
46.71,4.892214354103847,3.511437986556773
46.72,5.34974511267707,2.5482654445374306
46.730000000000004,5.515508176653111,1.999069749362106
46.74,5.074553161999943,2.5126766958060647
46.75,5.280712329618913,2.9117394611613907
46.76,6.251537788520253,1.9742653993255772
46.77,5.786044896392326,2.249608056944659
46.78,6.093526728076576,1.6758711886523463
46.79,5.53867779454757,1.6326192046040096
46.800000000000004,5.704561021844687,0.5814430241921787
46.81,5.778908227830441,1.742990936064398
46.82,4.887014595871042,0.9028241593835709
46.83,5.91595558129059,2.2725558193742224
46.84,5.484855729117905,0.6476379256576967
46.85,5.115239214517464,0.4941658622740097
46.86,5.385078117547509,1.8794267938943152
46.87,6.398227754171908,1.133677008469469
46.88,5.679635008907563,1.6588227941012206
46.89,5.7868810407195035,1.9328746122456368
46.9,5.000793243754852,2.15797197431471
46.910000000000004,6.029490715888208,1.8760441520843743
46.92,5.940232059908043,1.1405546539658071
46.93,5.46879054527563,1.1916241009215436
46.94,5.2670214978720855,2.007746540629678
46.95,5.599815540508107,1.4110278459583
46.96,4.791606459960076,1.815078707155547
46.97,6.029241549105123,1.9605248433217803
46.980000000000004,3.558212996527,2.8620820042090864
46.99,4.432856458956407,2.8110045061532682
47.0,4.0304290870198,2.1107327033082885
47.01,3.7300574277502143,2.9034597798366666
47.02,4.475864848155714,3.153785113858773
47.03,3.5686519190340764,3.680033704647228
47.04,3.9676995473774332,4.0732295442743975
47.050000000000004,3.413742544194966,4.198757665358847
47.06,3.185901029851013,4.514683690529869
47.07,2.708556606329179,3.9798791997976273
47.08,2.8942642787294677,4.1023190417597455
47.09,2.0336743096475445,4.873421513283794
47.1,2.37326590234377,4.601334330880399
47.11,1.6650951368013467,5.030856499522677
47.12,1.9657390011813356,4.699713659901214
47.13,1.1770646426922997,4.621045145408793
47.14,1.3079615168616685,3.85299482154503
47.15,1.1937832808727462,4.739163931179494
47.160000000000004,0.7067905807778214,3.7679945404639232
47.17,2.294925203000935,4.403244534757782
47.18,1.0860639576508222,5.4017037380282025
47.19,0.6056083586510264,5.328995924174563
47.2,0.31093297127579606,4.41342936249228
47.21,0.5305939833145686,4.469875241416644
47.22,-0.06958436108368586,3.9270451935045707
47.230000000000004,-0.6046438439409455,3.3786038796987246
47.24,-0.6597300136205323,3.994127499645851
47.25,-0.38763206888446694,4.052744002160639
47.26,-1.5174109388223225,4.370321140070928
47.27,-0.7763291095597902,2.86537609092599
47.28,-0.26261711092136253,3.0807296549232066
47.29,-0.9698570939908671,2.636508921731452
47.300000000000004,-0.6202672839058497,3.1317962475047088
47.31,-2.112087416836002,2.046239975917973
47.32,-0.5702269803815021,2.8534725392731253
47.33,-1.1856179589710627,2.4106475191695607
47.34,-0.6202415744372186,2.8169243365171615
47.35,-0.3618064873534713,2.4016376963437827
47.36,-1.273185409885527,2.1282953035174867
47.37,-0.4986663202909292,1.0926428844259348
47.38,-0.7006987256561251,2.3255733584353147
47.39,-0.5872310455956181,2.453639892476476
47.4,-0.9984678362389989,2.1707505459230405
47.410000000000004,-0.905967035053282,3.052572238595116
47.42,-0.006197130733805678,2.870119441002684
47.43,-0.3116366496601897,3.187120563263897
47.44,-0.0718068500441093,2.756483887767029
47.45,-0.48017758688189943,1.4838130328521497
47.46,-0.9300134825446043,2.656703321711073
47.47,-0.606572381953957,3.470457814687176
47.480000000000004,0.8428304211846037,3.8256884668090967
47.49,0.049176356105081837,3.543671044941238
47.5,-0.03866383720345096,3.2483423588580367
47.51,-0.7485621894998828,3.9206162674035183
47.52,-0.8558944156170685,4.995722643005159
47.53,-0.012323172710317909,3.539260089193956
47.54,0.33154261386925377,4.111857661715301
47.550000000000004,1.3965025134518558,4.902544111877732
47.56,0.8322054091997084,4.692356645185097
47.57,0.031035493445258022,4.965824960965762
47.58,0.6431449579456128,5.905777203169249
47.59,0.13275446177397787,5.642184729719798
47.6,1.1619863243152095,5.469466499518475
47.61,0.585689805516535,5.772230853118903
47.62,1.4331438330308561,6.243728286954399
47.63,0.17247168973677685,5.68540300151016
47.64,1.3597410322120038,4.926885957979966
47.65,0.8762635439601174,5.180183315028042
47.660000000000004,0.9599075691044626,5.180395254065203
47.67,0.888337356588311,5.282939167966378
47.68,-0.5711148979485023,4.096798414731484
47.69,1.0678509827438534,4.640030613832677
47.7,0.6506720767172577,4.4657516378611755
47.71,0.7934070269779924,4.906200946396029
47.72,1.4827225497487653,4.6350152095705415
47.730000000000004,1.3806700593311496,4.264798776598805
47.74,0.3466522069958698,4.134111268187834
47.75,0.04168021847015008,4.487367716290374
47.76,0.37446901886494055,3.888279608200913
47.77,0.4728192219297407,3.8546815605414255
47.78,0.31801891895974244,3.5710156628500362
47.79,-0.272826061898904,3.643266184246028
47.800000000000004,-0.18520610184938052,3.536528208528149
47.81,-0.1208318796211566,2.849436111869878
47.82,-1.536854513246616,1.8567263683696882
47.83,-0.8241632165514869,2.5200779539246496
47.84,-1.0640267274596114,3.169154785917275
47.85,-1.286647890217685,1.4587579278575153
47.86,-1.1353219815801843,2.6493281141492586
47.870000000000005,-1.325427168389988,2.8753006346187324
47.88,-2.220514362133183,2.321852135547224
47.89,-1.5254845235348353,2.072917017923166
47.9,-2.7058056490544,2.212243101812767
47.910000000000004,-2.22789708045601,2.910169061213966
47.92,-2.638541309886851,2.9923041915187465
47.93,-2.8940165220779726,2.960030133060914
47.94,-2.5160976556074637,2.242678338848026
47.95,-3.4169214300550252,2.985826581029228
47.96,-3.4700020352795797,2.6737513514832143
47.97,-4.475625592278144,3.69415402239614
47.980000000000004,-3.5719932684575264,3.9876290327680572
47.99,-4.073158237542959,3.700999629676444
48.0,-4.286011868894017,3.6336988134339387
48.01,-4.680483591694442,3.9276865713653484
48.02,-4.528561834669529,4.111439703522536
48.03,-3.9031114007402588,4.711886527154113
48.04,-4.496201284150364,5.218667098806299
48.050000000000004,-5.261956821604924,5.491690472207897
48.06,-5.092504422149171,5.078667710918676
48.07,-5.659724962307985,5.089658664844418
48.08,-5.2409376034658814,4.8719328773439505
48.09,-5.996068898225058,4.532386941975146
48.1,-6.040663709437577,5.605329191796145
48.11,-5.682736438954909,5.539300659225357
48.120000000000005,-6.13794198906071,4.879477906074732
48.13,-5.232437022137324,4.930800625703839
48.14,-4.599295185476199,5.413555880422278
48.15,-4.799621837324345,5.689514777249064
48.160000000000004,-5.782648896217874,5.15310711025779
48.17,-5.292664595539186,5.29604052726046
48.18,-5.3568966605637,4.558047869757392
48.19,-5.048917973791781,4.80162042654229
48.2,-5.371922732462483,5.798367691230491
48.21,-5.101404301215694,4.171396606807349
48.22,-5.233752750332448,4.125786103029968
48.230000000000004,-4.694496995382048,4.010565505528405
48.24,-5.432282903857437,4.426988534720112
48.25,-5.326766249495006,4.573326900326072
48.26,-4.2489485730040775,3.8042228494070285
48.27,-5.168721949779907,2.5039319596069323
48.28,-5.1602983029866065,2.4676062771049616
48.29,-4.656309791680695,2.1944898334257346
48.300000000000004,-4.747771787698244,3.271570386726681
48.31,-5.11039785302407,2.1674627717898356
48.32,-3.832007788359371,2.1985444115141752
48.33,-4.514343816961004,2.0549338134904804
48.34,-3.7062907038775044,3.1285831593882047
48.35,-4.3803661825959335,2.4942552185402143
48.36,-4.584183791946391,2.0479994144759712
48.370000000000005,-2.8863316710756663,1.8150050447520125
48.38,-2.8981039967320514,2.2891980851452356
48.39,-3.861171953801395,1.864856865009984
48.4,-3.617698677303477,1.295514006609184
48.410000000000004,-2.8826990985568957,2.2324084102244477
48.42,-4.753030011549957,1.849863184824877
48.43,-3.814385034718027,1.8791172187182954
48.44,-3.9357922840326767,2.4132558034140197
48.45,-2.4295619705699276,2.595900751786599
48.46,-3.2792105452795712,2.5096106663490154
48.47,-3.571716285989691,2.658966407231318
48.480000000000004,-1.6952582747092073,2.875765293003231
48.49,-2.319548907514797,2.5498482741684545
48.5,-3.042596230565378,3.8097747704344553
48.51,-3.276631583921865,2.838845648647912
48.52,-3.47790226782829,3.8380587967668167
48.53,-3.410430488207671,3.8501356589298763
48.54,-3.10405213675793,3.282062684428794
48.550000000000004,-2.6343146295439217,3.746938237427151
48.56,-3.2025855451728713,4.602419045786725
48.57,-2.616378639396717,4.002282882667224
48.58,-3.026771439098001,4.044253549790497
48.59,-3.2646458813850394,4.417648314763224
48.6,-2.7602112221097066,4.670244479312604
48.61,-3.175645460933521,4.401036425176183
48.620000000000005,-2.5872780985271118,5.893560521837685
48.63,-3.606802082052817,3.0738993512553225
48.64,-2.803011233331812,4.366546744463544
48.65,-3.711622902961788,4.331322077975823
48.660000000000004,-3.3246522903400653,4.398947198119544
48.67,-3.5749151625648747,4.1985622563126945
48.68,-3.6782594800366444,3.6411890254740498
48.69,-4.331028470772739,3.8553086271249413
48.7,-4.255241636131753,4.6180153678081926
48.71,-4.462368589484231,3.4755756368419064
48.72,-4.612613993266477,3.023943398500829
48.730000000000004,-4.367102363654795,2.2371499710536944
48.74,-3.828919079583893,2.648345899564454
48.75,-5.805218354588965,2.3295060323545993
48.76,-4.405903687726154,1.6508420089041587
48.77,-5.850075484207501,2.1758147851697998
48.78,-6.155672233350527,3.134936466257609
48.79,-6.855460233377508,1.0971969000300952
48.800000000000004,-6.132914760905315,1.4505045754873747
48.81,-6.617421532784744,0.7429407030547354
48.82,-6.035194805358308,0.9421160286239054
48.83,-6.1990953896773275,0.25988774247383917
48.84,-5.604661482748661,0.877967898389351
48.85,-6.629105098961551,0.06628699988201625
48.86,-6.356953068167219,0.6674056637873963
48.870000000000005,-6.870545837987768,0.31271140414852827
48.88,-6.5330330510794825,0.6887520599839834
48.89,-5.845088536475244,0.7076976627929038
48.9,-7.197650172239019,1.0047363870719401
48.910000000000004,-6.675258800719944,0.3297345745850429
48.92,-5.96040806992552,0.6791319960685703
48.93,-6.73211786493855,-0.6146791657466033
48.94,-6.920573802547991,1.063978630256566
48.95,-6.66176871770209,1.6665770753584406
48.96,-6.851024990604198,1.786529514357258
48.97,-6.703193952020894,0.1492138568074688
48.980000000000004,-7.2780007003272456,0.9369589778480134
48.99,-6.51670305985743,0.8935098186517774
49.0,-6.44742039961294,1.7139568054967966
49.01,-7.1616574202790115,1.3511238269026833
49.02,-6.853698181021227,1.538394350064754
49.03,-5.837010915361565,2.19844476531018
49.04,-5.733798210801871,1.4806355530449362
49.050000000000004,-6.12043258690532,1.6144646028849572
49.06,-6.154780197169494,1.4050757622315995
49.07,-6.301305102829785,2.5160129724696847
49.08,-6.432046256027631,2.540358901778532
49.09,-6.073326688144994,2.774835360084786
49.1,-4.872359815329517,2.2236706569629554
49.11,-6.10269932259962,2.257700190256213
49.120000000000005,-5.7118356977257525,2.858459863368238
49.13,-5.124925256171142,2.829058672622215
49.14,-4.675618062135212,2.536513472466204
49.15,-5.082863899452782,2.8526863346430362
49.160000000000004,-4.714743619844121,2.721543434280292
49.17,-4.3898634157697165,2.267151933462283
49.18,-3.6947883643551296,2.35605696965218
49.19,-3.3130191744424002,2.2106851272304757
49.2,-4.049673960730659,2.041379678177572
49.21,-3.49372061189073,1.3317267215124062
49.22,-3.246559698819292,1.6417936712905747
49.230000000000004,-2.254500741503201,2.1631136669048616
49.24,-3.062237491925875,0.9108418427837925
49.25,-3.3514191546264933,1.2894581791936484
49.26,-3.4380629034353407,0.9356644111711903
49.27,-2.300978946686612,0.24895315841698903
49.28,-1.8842920003173795,-0.03739043047321197
49.29,-1.7547149429654116,-0.07840913631492184
49.300000000000004,-0.8913328365630375,-0.5325701522232567
49.31,-2.794871130264948,-0.19063399827226682
49.32,-0.9305634713483535,-0.6110418336585112
49.33,-2.4334816402810704,-1.2640685547873716
49.34,-2.221302388599262,-0.9920459832533304
49.35,-1.8185708936126797,-1.134861772563766
49.36,-0.956368026391481,-1.0337144576150648
49.370000000000005,-2.0746005838561783,-1.695631717938289
49.38,-1.978473532075352,-0.7089379846251689
49.39,-0.7660329730336443,-1.3666085557990764
49.4,-1.4767087272053359,-1.7498839380491928
49.410000000000004,-1.2823721879270054,-0.7950422020742645
49.42,-1.3478275619829776,-0.6095167103127883
49.43,-2.7181057775722373,-1.261098611802924
49.44,-0.8606976865386846,-1.2940390978887542
49.45,-1.9978270932441622,-1.0356305969746553
49.46,-0.6949052314457308,-1.7232444952358397
49.47,-1.6203225253428815,-1.1650599807550455
49.480000000000004,-2.2874822760314393,-1.0029581467519146
49.49,-1.140409487008213,-0.6712642826025276
49.5,-1.3559958265196355,-0.9879615011659415
49.51,-2.4134047142101185,-0.2897719758931171
49.52,-1.3511279743883824,-0.6720587913917987
49.53,-0.48041771683283074,0.16872318076079895
49.54,-2.6400114399068153,0.6269019404055469
49.550000000000004,-1.4709642879036533,-0.41766037212101315
49.56,-2.594986081572495,0.3119383441046461
49.57,-2.501047459798919,1.063964726985438
49.58,-2.90178052942693,0.7843616360698283
49.59,-2.7239615230238035,2.2356041672428004
49.6,-3.0585795045557136,0.8026059484735815
49.61,-2.834514866983534,0.6098420011255297
49.620000000000005,-2.523663097240083,0.594152110403019
49.63,-3.727614496274363,0.8640113436377936
49.64,-2.8284815339131177,1.5234836512439829
49.65,-3.647203783679862,1.2364392736831424
49.660000000000004,-3.1626802096826463,0.9825680166448639
49.67,-3.0594924892826043,0.9424944073602712
49.68,-2.7183773205551103,0.5940998002927895
49.69,-2.8157277913755294,0.37563908627198206
49.7,-4.390352636040621,-0.17080732385802413
49.71,-2.8266202230705924,-0.10014640190450608
49.72,-3.8762009934146886,-0.46637326663165124
49.730000000000004,-2.5312625615772406,0.4590432257605259
49.74,-3.281633576922744,-0.620079389864787
49.75,-3.795343563161267,-1.1721234331814376
49.76,-4.353237662456747,-1.9508704961970404
49.77,-3.4907396385489133,-2.1996564875092153
49.78,-3.5850571270316616,-2.315961012445305
49.79,-3.687393078590947,-1.6048951272752614
49.800000000000004,-4.143893588719189,-1.338683895197885
49.81,-2.9330617442127185,-2.1262260790437892
49.82,-2.894499243298013,-1.916761191073056
49.83,-2.759181893956669,-3.0480781017511203
49.84,-3.559509936894836,-2.2078479718284423
49.85,-3.604518965990456,-2.8481037525296027
49.86,-2.2819059416639114,-3.5151743476153086
49.870000000000005,-2.8880259469619647,-3.028568687439417
49.88,-2.372226690490086,-2.8220620928621343
49.89,-1.8032240204701089,-3.1484873775662208
49.9,-2.1978973270949607,-3.7182520306898983
49.910000000000004,-1.4276649581713254,-2.479031986130035
49.92,-2.1970071573456935,-3.1798846474861575
49.93,-1.7535415553641835,-2.619168727880022
49.94,-0.976314873440605,-2.821299234930988
49.95,-1.430883064965449,-2.585753947388976
49.96,-1.7085811307646304,-3.600937010052509
49.97,-1.029752531060376,-2.413778431302235
49.980000000000004,-0.034406264717000756,-1.9131938637852843
49.99,0.705978386518846,-1.7473989799338532
50.0,0.44405536720305994,-2.2235679411821025
50.01,1.1500843548559425,-1.4789078184837015
50.02,0.2866181362307937,-1.8039585071412003
50.03,0.610568149570196,-0.9917690459372275
50.04,0.6623105408846386,-1.9605292931858846
50.050000000000004,0.8341063922144466,-1.089757413627671
50.06,1.6147761766621842,-0.8353013919531584
50.07,1.798657027584603,-0.9174212246541233
50.08,1.8637500774015463,-0.4044494237783821
50.09,2.00671614964037,-1.5886134305237896
50.1,1.4999265408537976,-0.7299867244878775
50.11,2.4072667069618268,-0.6984728576087498
50.120000000000005,2.3523019271629,-0.05977690966375948
50.13,1.316521513384532,-1.1058743416660404
50.14,2.430379176208494,-1.0440373495370656
50.15,3.1428105754640954,-0.2506444768394287
50.160000000000004,3.4643962516849247,-1.4923711188828201
50.17,3.1602508992499723,-1.755853870560113
50.18,2.117784338442591,-1.5196068203514148
50.19,2.991453480406544,-1.5150164587483037
50.2,3.553271933743723,-1.4908880933741822
50.21,4.167351899259785,-1.7080445038700447
50.22,2.8297924694268746,-2.672987723770201
50.230000000000004,3.92384111176873,-2.4333412021875183
50.24,2.9327612057821266,-2.342204086762589
50.25,4.193970109162217,-2.8812242130250274
50.26,2.9869548042005505,-2.484289721436585
50.27,4.006801938156592,-2.8019659512248443
50.28,3.418725627737485,-3.1391778741208034
50.29,3.9563672810508663,-3.6310661444784724
50.300000000000004,4.253449957459235,-3.3737426672133655
50.31,2.1665998961078756,-3.2201774744583918
50.32,2.913589200342478,-4.083127794810343
50.33,2.886202732593538,-4.1675723735740995
50.34,3.5338953735918195,-4.0485648418761855
50.35,3.215334192075425,-4.036991961334941
50.36,2.151432088673556,-4.027366045664365
50.370000000000005,3.0910404772316338,-4.73580745441695
50.38,2.8604210420659477,-5.216651707275336
50.39,3.625305641485857,-4.569517765704656
50.4,2.4863179799921955,-4.001563432007913
50.410000000000004,2.8186988851986925,-4.7488404949785465
50.42,2.914813568661804,-4.040933769543643
50.43,2.4690451304565406,-5.147517369652921
50.44,2.0634234522098898,-4.782137439118825
50.45,2.490405992996005,-4.399996922573284
50.46,2.006295548497266,-4.249351541089727
50.47,1.4694959944787949,-3.4624480999563505
50.480000000000004,1.4380722918860918,-4.4901778091142575
50.49,1.5445370705723518,-3.71619477766531
50.5,1.2702450562370955,-3.655313978668737
50.51,2.186048672899102,-3.273944440920107
50.52,1.1472635915301157,-2.8585241026378165
50.53,1.6951121513847658,-1.9214111522673991
50.54,1.1842065627893268,-2.554104737419647
50.550000000000004,0.8891020266941332,-2.929288470354202
50.56,1.4415942108585935,-2.56460221463687
50.57,2.124339351609499,-2.297557169893728
50.58,1.5240876855621486,-1.969927501453468
50.59,1.2309073936911994,-1.5856001633868497
50.6,1.1683931247242103,-1.6425238039620063
50.61,2.204387416179023,-2.042164536686273
50.620000000000005,1.4668954150139546,-2.2963229179500178
50.63,1.601766610848325,-1.5866244363131525
50.64,0.9444845692587022,-2.357797491620527
50.65,1.7349262171957465,-1.6662730912994872
50.660000000000004,1.0687734096588177,-1.9880341478824037
50.67,1.8792941337838829,-2.130136272695789
50.68,2.4084566595114336,-2.098652366558971
50.69,1.5810313901150164,-2.6675728064600426
50.7,2.5254761152684697,-2.981873556497109
50.71,2.7126517021544516,-3.127788280336466
50.72,3.0782489203702026,-2.9259536754481625
50.730000000000004,2.6788765327490753,-3.993319613876824
50.74,2.3424746662048572,-3.4271790856307387
50.75,2.763970136149992,-3.7396285826052695
50.76,2.675030793423767,-4.057460012741535
50.77,3.3904906938363943,-4.166563583394765
50.78,3.8078293428335632,-3.711498675090987
50.79,4.506085794860417,-4.693247089614141
50.800000000000004,4.6859251791780805,-4.658514051081539
50.81,3.959164562477706,-4.914249703354786
50.82,4.8122454505316785,-5.0123341362663245
50.83,4.239667152440767,-5.452117749393703
50.84,4.375435311272651,-5.917442135761142
50.85,4.082754504877822,-5.329043200498846
50.86,6.05336801088669,-5.835961143830846
50.870000000000005,5.397703387669511,-5.57056751493992
50.88,6.067198339400336,-5.5365000183004724
50.89,4.734094816881958,-4.918277552208404
50.9,5.255272615123547,-4.802480708126014
50.910000000000004,5.013117759332012,-5.877552308292257
50.92,6.164141242097,-4.729091915818958
50.93,6.149901747738545,-4.689581460856294
50.94,6.10967836116102,-5.363460802851719
50.95,5.546570482913853,-5.017102875295637
50.96,6.561877591850723,-4.892858103477449
50.97,6.917114914014942,-4.743338820580287
50.980000000000004,6.650568272796941,-4.206384259044334
50.99,6.30869309934203,-4.4425201865531285
51.0,6.321511823240064,-4.398415178782548
51.01,6.217670276614369,-2.9593509112584213
51.02,6.430193261264286,-3.6961135351227017
51.03,7.079376878919834,-2.729864721811616
51.04,6.980623269226387,-3.6201590806634267
51.050000000000004,7.246659432876636,-3.4579796504088853
51.06,6.144629475988603,-1.8783244667026904
51.07,6.56537959020188,-2.634259780258875
51.08,6.477422329079281,-3.161741449661787
51.09,6.990586666595181,-3.0319723936865373
51.1,6.49840797713314,-2.0473599186682407
51.11,6.043232483377783,-2.4039951613428703
51.120000000000005,6.385020162838387,-2.6762449135252364
51.13,6.6519955525854035,-2.7487516067757984
51.14,6.893176698625879,-2.395853105925361
51.15,5.776866751115804,-2.545752154375103
51.160000000000004,6.2728481894537325,-2.4497825848731267
51.17,5.782604133303388,-3.3210278470489727
51.18,5.922713748836809,-2.9027449091754183
51.19,6.098288210083777,-2.629676265506369
51.2,4.180604767239176,-2.0198829103219595
51.21,6.125638510311264,-3.6791133275001204
51.22,5.686453874361452,-3.830989028767724
51.230000000000004,5.513615143352715,-3.7930402607856366
51.24,5.286047447676073,-4.253899714576674
51.25,4.535235813705697,-4.624699515902186
51.26,4.936966565446336,-4.741452488632077
51.27,4.6023815945530275,-5.0726008389151875
51.28,3.231774713524354,-4.5650262709165705
51.29,3.96932243746335,-3.838471945586359
51.300000000000004,3.6166810820834536,-4.67533486981511
51.31,4.1346653956783905,-4.67347805409718
51.32,3.8737455422256857,-6.087619720089033
51.33,3.4592267397535417,-5.106139035113257
51.34,3.0089614625609706,-6.382498971499472
51.35,3.885393820405413,-5.226952032884073
51.36,4.141129580213709,-5.358525177809154
51.370000000000005,3.4485174242181063,-4.850152485602312
51.38,3.385284657235542,-5.407226976443305
51.39,3.6272928914606704,-4.839851883680224
51.4,3.2480379201608174,-5.658146266647379
51.410000000000004,3.4354931404942777,-5.70444330760569
51.42,2.960774089860198,-4.43374790168241
51.43,2.634160055070473,-4.481483675750256
51.44,2.3040633646021726,-4.360064270981676
51.45,2.527428463824194,-5.171120205305498
51.46,2.3755908653995728,-5.211983720909322
51.47,2.688151373063219,-3.99786170364037
51.480000000000004,2.8489647325283167,-4.660665243430158
51.49,3.901196942079976,-3.190741420837491
51.5,2.2305347095186634,-4.161161373428628
51.51,3.333537211011023,-4.538713958703671
51.52,2.307095805785881,-4.079272366528856
51.53,3.8061235348662636,-3.3960718603453195
51.54,3.041340706918295,-3.123419708387668
51.550000000000004,3.635088176277449,-3.039682852470729
51.56,3.44510085287787,-1.8514690449146365
51.57,2.4306672769235043,-2.658680786704189
51.58,3.4587744428984366,-2.044812782699049
51.59,5.01336854625647,-3.180163959719094
51.6,4.093126740437303,-2.068126776337286
51.61,3.977039851244709,-2.7514672926456014
51.620000000000005,3.8402404264692027,-2.2613411063258875
51.63,5.057336661033061,-2.0124779787471296
51.64,4.116083554326689,-2.730069232253135
51.65,3.948190641678342,-2.3767942048349977
51.660000000000004,5.2205113940613455,-2.8974043248625136
51.67,4.021673742503347,-1.688453960642406
51.68,3.461289005780235,-3.0572193714219122
51.69,4.558130476831213,-1.9838840014001708
51.7,4.033739436409488,-1.400775305459914
51.71,4.898980711608494,-2.35157880556981
51.72,4.436870475783809,-2.230438076686771
51.730000000000004,4.634776421112518,-2.59728006363235
51.74,4.881944342491305,-3.645259495221548
51.75,5.356344509870256,-2.6318284642438314
51.76,5.201802860535511,-3.3399318121227415
51.77,5.7373268434081535,-3.970472887122159
51.78,5.873249476646672,-4.104246067820615
51.79,5.74108334988237,-3.6204384149288575
51.800000000000004,5.917579210805624,-4.226554423023539
51.81,5.918119734454073,-4.200192966149272
51.82,5.337013237059773,-4.86266971630998
51.83,5.605414163014207,-4.7567311127177225
51.84,5.5800384793196445,-4.549508861385013
51.85,5.417651885276758,-4.463794759820422
51.86,5.0182702757254205,-5.186293825411061
51.870000000000005,5.65590483579183,-4.18625050305158
51.88,5.4746121432499475,-3.477204652215881
51.89,5.658373892141286,-4.164615015000932
51.9,5.553891628864441,-4.067604357077284
51.910000000000004,4.488710137354927,-3.935195195884154
51.92,5.006976330749813,-4.234944438102172
51.93,5.538282786751583,-4.775481930982622
51.94,6.06479758898981,-3.5103247561469018
51.95,4.774086875019989,-3.8534329146869966
51.96,4.5948435604003794,-3.541667867621725
51.97,4.766577730533977,-2.999047195454325
51.980000000000004,4.389408169194575,-2.8457111331578155
51.99,3.091657928404906,-3.256849328972821
52.0,4.106850220905743,-2.753898247441313
52.01,3.905467538920063,-2.402275787902506
52.02,4.436240969561388,-2.875703525743453
52.03,3.885125054034917,-2.3622213353245747
52.04,3.019476128218968,-1.8836404949257848
52.050000000000004,3.4822313872770247,-2.7981328566461006
52.06,3.2015596628674645,-1.9970846581867412
52.07,2.7693459023843787,-0.5941108213436723
52.08,2.344374102272844,-1.6366879440025943
52.09,2.0049495608845898,-1.0784803139403047
52.1,2.4549489131044333,-0.28904237263884214
52.11,2.6590073986486438,-1.5613679546050283
52.120000000000005,0.9062632299100589,-1.8165722065890884
52.13,1.382309850645886,-0.7684866529895259
52.14,0.9405907599485972,-0.166350927349183
52.15,1.2080147348384795,-1.2974406527465099
52.160000000000004,1.1789423047457102,-0.1781253069929497
52.17,0.9230131633319513,-1.2632698810959853
52.18,-0.19115720275486936,-0.7747731486685583
52.19,0.06474389217898413,-0.9250965920181435
52.2,-0.4934275252350382,-0.38585671049031367
52.21,0.5365016603197654,-1.9009542871446303
52.22,-0.5206948367820649,-1.4537350748415059
52.230000000000004,0.03141729404245189,-1.1261712756117865
52.24,-0.02169978088314148,-1.7558515596418087
52.25,0.2801536536301735,-2.0928418793035664
52.26,-0.031642075843380246,-1.6628964093002467
52.27,-0.26481413829343575,-2.2041950374542405
52.28,-1.3952787560804345,-2.4048063763372696
52.29,-0.25460262307330855,-2.943112210497771
52.300000000000004,-0.04717781960059275,-1.993992574033256
52.31,-0.9595949429537336,-2.1743631817838684
52.32,-0.06398359366130923,-2.6254673451782
52.33,-1.2387120762098487,-2.2601540800418025
52.34,-0.25525223709419165,-3.718685054513709
52.35,-0.4237739038847498,-3.524960125570059
52.36,-0.4827324402903438,-2.772205275305312
52.370000000000005,-0.9317067276468348,-3.738270478289864
52.38,-1.1823859103296162,-3.7454447179230144
52.39,-0.7156624607149199,-2.666713684448031
52.4,-0.4539268268410084,-3.508797240835653
52.410000000000004,-1.0699503445714114,-3.1717429725659865
52.42,-0.6068572881204588,-2.89192638736247
52.43,-0.8390813612125507,-2.2237140157850934
52.44,-0.8884099953608333,-2.0356976208397364
52.45,0.09915426253761939,-2.3025489856109886
52.46,0.3879719389348843,-2.6846162864643848
52.47,-0.2757820269011459,-2.1598990282888337
52.480000000000004,-0.30552687632345016,-1.4216068392418428
52.49,-0.6129871255420122,-0.8430272374916256
52.5,-0.39948806365545225,-0.7967921226572983
52.51,-0.16992320887011497,-0.5039001725988547
52.52,0.26477197508154193,-0.609432126031991
52.53,0.1307092205920729,-0.6558494920793722
52.54,0.25589990870928464,0.34771012696495274
52.550000000000004,1.5093495789273073,-0.34910546835588196
52.56,1.1497304988423505,-0.04398829945825322
52.57,0.4237760743157543,0.13746459619968637
52.58,0.2536280341404755,0.17050649512866745
52.59,1.3121373249974049,0.2662913575176541
52.6,1.8411718399988186,-0.465513737813787
52.61,0.4659904524610346,1.2588794110496577
52.620000000000005,1.0676085857461486,1.673379587443271
52.63,0.9965807852701805,0.13107829116829317
52.64,1.0470375296250023,-0.013824559952610338
52.65,0.7514455308975897,1.0299159659220822
52.660000000000004,1.9930712395334824,0.6717043506930016
52.67,0.4798563657714666,0.9811730917892123
52.68,0.05555447946258196,0.45939929370516414
52.69,0.7069239367339618,0.10462532574979816
52.7,1.1666745287433478,0.10871003197069817
52.71,1.0023609660199702,1.5424724015493188
52.72,0.23546874756717717,0.8020585098168689
52.730000000000004,-0.09921946435039763,-0.273183474312306
52.74,0.5608404005149947,-0.15656010708734153
52.75,0.3201401111162146,-0.9588270107274789
52.76,0.2167093261043251,-0.5831372029376656
52.77,-0.73979195158267,-1.2065912699327348
52.78,0.45922117895797193,-1.1208478294162252
52.79,0.15366593942064066,-1.2195961854103405
52.800000000000004,-0.7860568483547455,-0.9116803302244092
52.81,-0.2784030468735185,-1.103286602077957
52.82,-0.3797307372839891,-0.900072389368815
52.83,-1.6530305780082095,-1.2289181495020394
52.84,-1.4726476909917432,-2.259741978987694
52.85,-0.5105726051092864,-1.1235953529093916
52.86,-1.7583126566033256,-0.8264437856583734
52.870000000000005,-1.8139980011213654,-0.7681714670414097
52.88,-2.2594661340879423,-0.4502188399051552
52.89,-1.4314810534755775,-1.3342575807032226
52.9,-2.29530185844559,-0.6979507064353114
52.910000000000004,-1.9296337039665552,-1.1969499626834907
52.92,-2.528280766752894,-1.2527676476660776
52.93,-2.6625467685161524,-0.5139833220483754
52.94,-2.4357691878513723,-0.37580516834999167
52.95,-2.4435199489177477,0.15366763303154013
52.96,-4.060452902629821,-1.1898239036159395
52.97,-3.4246845471413687,-0.4305921243044968
52.980000000000004,-4.133592193724403,-0.029418625163635637
52.99,-3.9161418152045733,0.4460830560353082
53.0,-4.512042738145877,0.3748149937263851
53.01,-4.563222595094961,1.2141687331734652
53.02,-3.7772356773031524,0.9101348519292256
53.03,-3.556758697389444,1.1429100816054092
53.04,-5.243648128635275,1.4830527994996974
53.050000000000004,-5.17549529160204,1.9534286357817334
53.06,-5.353294013047486,2.322512324393889
53.07,-5.108030838264209,1.7373616552956594
53.08,-5.121178435345956,3.0546951743742934
53.09,-5.124546666304472,1.874163349136359
53.1,-5.950154724883021,2.7146636358563736
53.11,-5.774197781684904,2.7801698000755626
53.120000000000005,-5.485955242762935,2.6199819796229313
53.13,-5.113233807002168,2.2323683099385168
53.14,-5.052992303188333,2.7913688888808865
53.15,-5.4841858953391025,3.340088135756155
53.160000000000004,-5.215354604294042,2.001854992632013
53.17,-4.816847689169134,2.991370960755793
53.18,-6.511469780403662,2.1473953387910596
53.19,-4.865859633847223,3.1196883641487574
53.2,-5.17645305437346,1.703394469773698
53.21,-4.70847486155622,2.160602171956675
53.22,-5.065607681068249,1.815971548273564
53.230000000000004,-5.033328889828248,1.8062550027625583
53.24,-4.6732158149196685,0.9303285236229095
53.25,-5.728030931574639,2.5649704659863994
53.26,-5.10736547189896,2.009973982397191
53.27,-5.026784819060499,2.3157608513761465
53.28,-5.135548009924959,0.6880426154157794
53.29,-6.070970852887733,1.5837912926067066
53.300000000000004,-5.386550075098911,0.43355515248287196
53.31,-5.032318107791069,1.0422731285860058
53.32,-4.775791360437159,0.4504831025279952
53.33,-4.028505014090663,0.2673258149159876
53.34,-4.373786151047974,0.6835113105151573
53.35,-3.7617156842808854,0.3282091108835281
53.36,-4.677627602098077,0.257392614426192
53.370000000000005,-4.337562097524839,0.3355889823184212
53.38,-3.612223912209751,1.0617005237160244
53.39,-4.3126154729956205,1.0094777808276232
53.4,-3.3253351478534916,1.0088663959766593
53.410000000000004,-3.5283174789026432,0.27164557097402764
53.42,-2.6636112338532705,0.5025710455895459
53.43,-3.8716463034707083,1.358409904548376
53.44,-3.70022583872054,1.5829851250849671
53.45,-3.3719246755450745,1.3508680202154881
53.46,-1.7722232963107853,1.9610945073243635
53.47,-2.123504366623177,2.006480141993918
53.480000000000004,-2.65895149966553,2.0694179080774644
53.49,-2.8580964773876913,2.8981808669285645
53.5,-2.6893804521238978,1.395528313567714
53.51,-2.136455160258987,3.473897852608509
53.52,-2.316625846482569,3.761180468233936
53.53,-1.984186588181701,2.23701461369082
53.54,-2.5140381356167736,3.534857540860168
53.550000000000004,-2.678964015196829,3.121031834662708
53.56,-3.0673272299025593,4.5568993873029475
53.57,-2.7757800692637686,3.334360081194188
53.58,-2.060178040453687,3.5020813091547756
53.59,-2.7448109335692212,3.854475575361424
53.6,-2.4689976105395344,3.7211024025063635
53.61,-3.201637778776438,4.531377150943243
53.620000000000005,-3.427446818014402,4.628805994677999
53.63,-3.8364941213082107,3.7616380040402446
53.64,-3.15699113020639,4.620791029703005
53.65,-3.0017396682501216,4.387646851795848
53.660000000000004,-3.932327153015916,4.248661961285426
53.67,-4.681007131943126,4.003362917433294
53.68,-4.400596492519961,4.103126607268198
53.69,-3.206207228458571,3.8690042247908614
53.7,-4.127163609488262,4.0610038595076725
53.71,-4.39963559158456,3.4226118940303905
53.72,-4.297911634014394,4.185787360946392
53.730000000000004,-5.999377049988491,3.082979261212477
53.74,-5.071263989782448,1.809090287924723
53.75,-4.9952865482189575,3.4174031942409733
53.76,-4.939257358679784,3.1712657119118033
53.77,-4.858267167516462,3.2117037302726423
53.78,-6.28824231588012,2.6020198010025695
53.79,-5.164768124380819,2.115635019552922
53.800000000000004,-5.806458721647056,2.584285922846558
53.81,-6.0178477878472965,2.1065541796245935
53.82,-6.464397463921414,2.596251845091902
53.83,-7.141534872378497,1.1120976940945813
53.84,-5.8101279489147934,2.0141277545497416
53.85,-5.945716925571641,2.634682536010179
53.86,-7.02774266244305,1.3965566931220335
53.870000000000005,-6.966289986155882,1.5648717611431362
53.88,-6.877686323563298,1.569421037985467
53.89,-7.1383807188748145,2.1912258443996397
53.9,-6.913809772591814,1.7638439553865957
53.910000000000004,-6.409175907480748,1.7951077691537307
53.92,-6.417204941545446,1.700127000940114
53.93,-6.568523141628918,1.3549232460846081
53.94,-7.268749532688468,3.5025630179035243
53.95,-7.650592453643814,2.6601863808158144
53.96,-6.881113354987469,4.094349825007198
53.97,-6.974291628211168,3.3983453239142247
53.980000000000004,-5.970480029220282,3.3970184871791718
53.99,-6.513790551700541,3.92763789716994
54.0,-6.936682099658766,3.742657218091542
54.01,-7.073982745747264,3.795916021634352
54.02,-5.706157883795178,3.03384460195947
54.03,-6.133644662378597,3.8206785371275274
54.04,-6.727729469300857,4.485755079899348
54.050000000000004,-6.305890929363564,5.871716660029298
54.06,-6.187415207096524,4.072424499789725
54.07,-5.89489070222138,5.066550523835665
54.08,-6.0729624989488045,5.379650977762342
54.09,-5.15384038781756,4.620047659451458
54.1,-4.511293648475029,5.136019592854214
54.11,-4.4178283970573435,5.866288465011897
54.120000000000005,-5.397217534640052,5.687955935589629
54.13,-4.562599993068514,5.382119897700165
54.14,-4.672917323453035,5.375511385550887
54.15,-4.709263780435372,5.115782848920612
54.160000000000004,-4.456806954074184,6.068630577249953
54.17,-4.066036483676932,5.775191759666886
54.18,-4.137683306831688,4.708104224603841
54.19,-4.013777783133303,5.78348920391222
54.2,-4.779875494418958,3.885948892020256
54.21,-2.8260663476676413,4.947917407909968
54.22,-3.6080061703768944,5.103853875630199
54.230000000000004,-2.578947273426632,4.713463043863027
54.24,-2.6680512522773574,3.4506917861926762
54.25,-3.425072833839739,3.769349480705147
54.26,-2.186737936432782,4.030887177442553
54.27,-3.14101203864523,4.279836453013918
54.28,-1.9649796375408188,2.475474603497856
54.29,-2.697746367733166,2.845015175876881
54.300000000000004,-1.8461695437171466,2.2695583037713476
54.31,-1.7579314732204043,1.7498572598482134
54.32,-1.639779919997505,3.112030923917332
54.33,-1.42635732422842,2.1989049074646907
54.34,-2.271995566107122,3.5056478144715517
54.35,-1.754613690432575,1.796493558742232
54.36,-1.6019240538036335,2.463684058201637
54.370000000000005,-2.49328205943761,2.7408506086859292
54.38,-1.8623542347314883,2.3023754323081578
54.39,-1.6803647023658892,2.4324473436781195
54.4,-2.168696260979019,2.0403914219931005
54.410000000000004,-1.7493073802890169,2.941248134421073
54.42,-1.054359876333469,2.8523670566729504
54.43,-0.980985234076495,3.1677360844613895
54.44,-1.2381917279566788,2.3698306289245625
54.45,-1.932125448638969,3.384329490087561
54.46,-0.8747909510334965,4.010834816944215
54.47,-1.7435747571918807,3.3454786397146106
54.480000000000004,-1.7067699912063312,2.7881413231183156
54.49,-1.895542615479277,4.048420819204181
54.5,-0.970648946414161,4.275383223810979
54.51,-1.3213143321458394,4.3284818499233495
54.52,-2.354386262945205,4.595840471789808
54.53,-2.38717905060357,3.801983468358345
54.54,-1.834432570385843,4.870562114652121
54.550000000000004,-2.1124601050551868,5.102654551788508
54.56,-2.0870024573390227,5.751665175779816
54.57,-1.5660338506831857,4.788308557923619
54.58,-2.763766819727305,5.621519100357241
54.59,-1.6958624483123335,6.061132596017452
54.6,-2.7108867637343352,5.169640649609044
54.61,-2.888969916350319,5.387632574979147
54.620000000000005,-3.4290627715909383,6.057759464376537
54.63,-2.9535712392319526,5.317211193722414
54.64,-3.3412412977000936,5.629386020567745
54.65,-3.453619265677524,5.257573400647407
54.660000000000004,-2.938313148800541,5.221446741753289
54.67,-2.6706084909263237,5.25157194330701
54.68,-2.9293289599878367,4.727430295962535
54.69,-2.7763424741550735,5.267912013013558
54.7,-3.279277511217305,4.246829704570974
54.71,-3.8033920752124937,4.707467452448597
54.72,-3.614147967294112,3.5850929795792217
54.730000000000004,-3.507645809441667,3.7044981715004153
54.74,-2.6343690704498948,4.953093188183306
54.75,-3.5147624017794947,3.0602773305643796
54.76,-2.7430588905869855,3.418559543569561
54.77,-3.8802286678562146,3.5954450741203976
54.78,-3.0999753718325245,4.192104680719178
54.79,-3.5118046469644906,2.450157582414578
54.800000000000004,-3.064835742989582,2.7744123339769575
54.81,-2.6089897230377064,3.347696897743444
54.82,-3.0514174747378227,2.6797181358065107
54.83,-2.3202245196721396,1.7572857536057573
54.84,-3.231995556513398,1.9072941151614786
54.85,-2.321386336978554,2.4076305514546874
54.86,-2.7185694675415024,2.5161639607758692
54.870000000000005,-3.4095759253504543,1.8120419815331366
54.88,-2.3487263080568246,2.7764159240577193
54.89,-2.387888208434074,2.2919813138525353
54.9,-1.9698376061684246,2.4785345744402933
54.910000000000004,-1.2005125553384637,2.130739790588169
54.92,-2.5185340583312836,2.487851506082686
54.93,-1.9558527338233866,2.156415888390524
54.94,-0.9067214249073214,1.6552695611340122
54.95,-0.5558853196635123,2.4919885664617767
54.96,-1.0240941709231162,3.00479690757149
54.97,-1.24997271270095,1.880774507901659
54.980000000000004,-0.8847693923722373,2.2741176486284753
54.99,-0.2578750201833255,3.3820085159542477
55.0,-0.45444746349405735,3.4795350557574753
55.01,0.7659562613163172,2.3725201749196447
55.02,0.734447870263996,2.9451671776737944
55.03,0.6339909296162417,2.833893925768687
55.04,1.1604058121980727,3.585337574968022
55.050000000000004,0.448285277121394,5.031358285492315
55.06,1.2097367681331932,4.718626984076566
55.07,0.9232556588171476,4.2251649691741875
55.08,1.4555275758735609,5.321892307011776
55.09,1.3938709988892104,5.089013478944471
55.1,1.2686898761812975,4.874159350384319
55.11,1.8410634714908196,4.933483001230832
55.120000000000005,2.2705043966655922,4.267222924695908
55.13,2.448857992982434,4.778460675813934
55.14,3.13655560351184,4.035376084513721
55.15,2.577160268118428,4.106945788326697
55.160000000000004,3.1128825807517426,3.6490898332597745
55.17,2.770276252308426,4.564762241814872
55.18,3.151914980363532,3.860436063251788
55.19,2.4116422358930714,4.159850148903346
55.2,3.192725359747716,3.309457196130675
55.21,3.8168767042720497,3.665149911876159
55.22,3.4366270652511828,4.14749619689874
55.230000000000004,4.136905570933986,3.331766089954913
55.24,2.8777015751128725,3.3033028593251967
55.25,3.458053745675572,3.0656636502753294
55.26,3.6192322744921266,2.2525929953400334
55.27,4.00633356100249,2.2918894875965226
55.28,3.32474683337733,3.2023005787835057
55.29,4.081459143872665,2.888766655393888
55.300000000000004,3.775680318267848,2.0483939547994914
55.31,3.4060779153692553,1.85844599204594
55.32,3.3452872592321943,0.8492554408404953
55.33,2.9252487233707294,1.5607459510101516
55.34,3.5962394268264055,0.5051980261993514
55.35,2.7473816777033746,1.7866482063957423
55.36,2.4030098386455427,1.3145312343160003
55.370000000000005,1.9491977360916932,1.105714405625087
55.38,2.6933689603811413,1.0273741082394947
55.39,2.615316623981555,1.5644661698208113
55.4,2.7427859841206317,1.0412597042005005
55.410000000000004,2.2721181780297193,1.9161407402482644
55.42,2.045219827322166,0.7605685652116377
55.43,1.8275014339903768,1.4801526443546809
55.44,2.263277611390503,1.303561792995981
55.45,2.0880098896781436,1.5784989224093557
55.46,1.6105346760786017,1.3459373060243491
55.47,2.683038462376111,1.6015759496479707
55.480000000000004,2.3517371412650316,1.583962668131598
55.49,1.4633625510392925,2.288416804465846
55.5,1.9419764689797603,1.9336405937971226
55.51,1.0127835232291305,2.312158895479705
55.52,2.0501027258811577,3.2545264329846533
55.53,2.0455811648133517,2.6750106501073505
55.54,1.6475867681126692,2.8928581889203118
55.550000000000004,1.0244692365307622,3.3226148303426166
55.56,2.5025339123381842,2.336792448079353
55.57,1.420379265046078,3.3453617140041905
55.58,0.8212436015858214,2.8534046786147176
55.59,1.2792404489920735,3.8477992520903896
55.6,2.059051940854149,2.805041902461956
55.61,1.2252359479394126,3.1951477154099766
55.620000000000005,1.1278405097748858,2.8614106006832563
55.63,1.0240268121626872,3.6813782726773203
55.64,2.187735448986424,3.201265982908659
55.65,1.2727121935430403,3.0386803929561528
55.660000000000004,1.6130047272343362,2.6508872750123307
55.67,2.0071073445305,3.4376067033042514
55.68,1.917935888852379,3.140389159968843
55.69,2.20739921454358,3.4876340652223545
55.7,2.2590339953097365,1.3943999257799546
55.71,2.443021074146418,2.661524766854635
55.72,2.252571587698275,2.9733367006425873
55.730000000000004,3.6230471762433787,2.0764038341079303
55.74,2.9419730905989896,0.6888888792846812
55.75,3.9503424083763647,1.0922075572665046
55.76,3.509959216376931,0.5059991724960438
55.77,3.0188255743640124,1.933408166662772
55.78,3.6454326861451016,1.5954568896650347
55.79,3.9214995645734803,0.5982099168928112
55.800000000000004,3.9543068120250977,0.21554654500286985
55.81,3.576022470819337,-0.7364494849150405
55.82,4.132183563314682,-0.814938353128681
55.83,4.869862307722174,0.5662534005406398
55.84,4.882929897798029,-1.540512368100036
55.85,4.70366344928269,-1.2480190109818068
55.86,4.9421636808190454,-0.37398380264445225
55.870000000000005,4.467217504738227,-0.790738122770833
55.88,5.25353129609488,-1.2051959846096403
55.89,5.058561988498041,0.19033287988995662
55.9,6.043444922506999,-0.37809541631460936
55.910000000000004,5.657483130543977,-0.7396810548699787
55.92,6.036552179609465,-0.4508797520386097
55.93,6.5458377444505675,0.17353444341963276
55.94,6.154626558342612,-1.5255433612944644
55.95,6.364194664468874,-0.637235042938582
55.96,6.167530586422162,-0.4991512326731085
55.97,5.954560535279531,-0.3942724231616336
55.980000000000004,5.992818346211481,0.7508328817273279
55.99,6.744493196241052,1.3788575369547165
56.0,6.461180217200828,0.806159077825463
56.01,6.872708537277979,1.1052910400164913
56.02,7.443141434056126,1.1371907675736277
56.03,6.9640038691026716,1.1654596550745082
56.04,6.847346240188387,1.3187807743532711
56.050000000000004,5.208126286997097,1.3227542383902897
56.06,6.521839728107435,1.8447917676591739
56.07,6.998545494985256,1.9653868920952797
56.08,7.559701094320887,1.427331694580781
56.09,6.759950601454098,1.4929175001879418
56.1,6.582537627028383,1.0433119619094917
56.11,7.126022634230386,1.480321249784916
56.120000000000005,7.054539148053303,1.188040515355618
56.13,6.526863668594342,2.4397472011444536
56.14,6.037758165465773,1.8431728244948882
56.15,6.482684749399229,1.128328510816614
56.160000000000004,6.965276411830771,1.6161499348919666
56.17,5.674970808185411,1.1599106721933081
56.18,5.89330260955914,0.7223415557262133
56.19,5.122367142202924,1.4824620972577707
56.2,4.588745580947939,0.6515437394031731
56.21,6.02332342426856,-0.007837075982987385
56.22,5.840995494631364,-0.19668517026447474
56.230000000000004,4.750742573001442,1.0698566675875383
56.24,5.63888844011096,0.20666667339667993
56.25,4.778507051173501,-0.4717127464711634
56.26,4.570088505658801,-0.21230734041991683
56.27,4.253749001166335,-0.7663313823728698
56.28,4.611451121319793,-1.986946782396001
56.29,3.6217483700811415,-1.7055595656605858
56.300000000000004,4.046203794396936,-1.2480518572276567
56.31,4.875951696345162,-1.3223402057869875
56.32,3.1192438411868,-2.688486794368917
56.33,3.5217677757592294,-2.8239056652953507
56.34,3.4046892302143865,-2.6343382830143423
56.35,2.729783815905418,-2.2510489920174512
56.36,3.4133749446745956,-2.677704900717658
56.370000000000005,2.794227840006787,-3.087107650561533
56.38,3.166442347181081,-2.2495294991307877
56.39,2.56734775134551,-2.493199350377635
56.4,3.0265105466324984,-2.1540741753277386
56.410000000000004,3.7359451821183396,-2.5129764917117052
56.42,2.2074915850353496,-1.8521253927377648
56.43,2.2903887999355246,-1.9018368121974327
56.44,3.2261832772121815,-2.1315578991572885
56.45,3.545241086049338,-1.7368966204961156
56.46,2.5346366155467597,-2.2159696008912158
56.47,2.425704323089577,-0.3618268053393714
56.480000000000004,3.9514498010890953,-1.9935180017377094
56.49,2.0328060013336335,-0.778748236185909
56.5,2.5412458643122497,-1.2899659535526142
56.51,3.302088703468538,-1.4871747745764543
56.52,2.887444245148781,-0.5846334353583564
56.53,2.8373647260619332,-0.4759768618597681
56.54,3.281114121173963,-0.48540718667447297
56.550000000000004,3.0806539028712776,-0.9258495486143636
56.56,2.9113164221656818,0.17917727644173342
56.57,3.026984284582738,-0.5306294101041298
56.58,4.121189874430925,-0.7514456386564919
56.59,3.0123575350250293,0.04643801034146361
56.6,4.070349574812781,0.28112623072957243
56.61,3.244597780977246,0.2690664316870792
56.620000000000005,3.610530383971433,-0.605756135278903
56.63,5.229287033329818,0.16683538423549893
56.64,4.649013452665617,0.9782494848605925
56.65,4.314115863010861,-0.9887082364034091
56.660000000000004,3.329342452067022,-2.0701582884378595
56.67,4.2898966519508654,-0.9472713542286388
56.68,5.025999826224725,-0.2715928533543053
56.69,5.1183775822937365,-1.233659733460422
56.7,5.3864462216150075,-0.9639378368987207
56.71,4.811648494889733,-1.014921839333808
56.72,5.374268919747153,-1.5676695966487542
56.730000000000004,5.188211866116607,-2.191903939760526
56.74,4.742074941939328,-1.252002900055592
56.75,5.6437841406961775,-1.1289039189284074
56.76,5.315491524282056,-2.185341376255737
56.77,5.682189143831681,-3.231613666066931
56.78,6.100261153196894,-3.317626209986936
56.79,5.781448381075232,-3.919099615428756
56.800000000000004,4.957476099695256,-3.1286212762981056
56.81,6.456548572912594,-3.265548140757172
56.82,5.336838240598332,-3.8469591484463117
56.83,5.36073399728154,-3.4375986919175823
56.84,5.246300105009203,-4.361534455767957
56.85,5.500463526316406,-3.764946080988644
56.86,6.292977765571174,-3.794236745073411
56.870000000000005,4.931795957070682,-3.90055088459307
56.88,4.977035846821973,-3.6897745558816655
56.89,5.2857003737051125,-3.9803922737439197
56.9,4.662222182721974,-4.580772470876354
56.910000000000004,4.694349899466507,-4.265843949896883
56.92,4.8184997183058655,-4.57361349019261
56.93,5.853880424850004,-3.3483930727034457
56.94,4.698957484235564,-3.825949407731493
56.95,4.562617092979261,-3.322125672195188
56.96,4.677120378629154,-3.8888530784199355
56.97,4.869328578370527,-3.041924848074597
56.980000000000004,4.5684146259632135,-3.742122737429746
56.99,5.3130914794357995,-3.6884577105269507
57.0,4.22516888257045,-3.3349738592746467
57.01,4.043779323401533,-2.6708637430711906
57.02,3.4185637172381735,-2.9656453854852463
57.03,2.9408922069000822,-2.0797209118342694
57.04,2.778114551693188,-2.6872685597603057
57.050000000000004,3.0952878504886927,-1.782294365276837
57.06,2.538027370299403,-2.4673755901830225
57.07,2.4684029754314354,-1.9378411847424093
57.08,3.4445129353232016,-1.2872024694756927
57.09,2.1727740577159715,-1.6991577084754343
57.1,2.870747434962485,-1.5326006054648234
57.11,2.108314399573661,-2.6327604756686003
57.120000000000005,1.5525836632561454,-1.9929484946094702
57.13,1.5589712599147352,-2.252898156408157
57.14,1.6595581143504672,-2.2425908324434323
57.15,0.9395356552647847,-1.767137185975154
57.160000000000004,1.5058601531851776,-1.5021293528403834
57.17,1.5777859988021194,-1.9811606636019734
57.18,0.5307243377981073,-2.941199571691425
57.19,0.6698123319360807,-2.342729795986253
57.2,0.26017005994016584,-3.1264522648825293
57.21,-0.11792807383308518,-2.2924440582566596
57.22,-0.6000745933227339,-2.9852522438080316
57.230000000000004,0.3927078786996333,-2.7379453807696983
57.24,-0.7624364414847068,-2.7693783018329765
57.25,-0.08106511947327388,-4.295746760855714
57.26,0.2346892084197545,-3.9960943039267
57.27,-0.9577773463225395,-4.730159537046574
57.28,-0.21197759885586337,-4.067825358304501
57.29,-1.117303914031989,-4.302897228147373
57.300000000000004,-0.9559376928866943,-5.158996356512692
57.31,-0.4771614854815345,-4.780217588892816
57.32,-0.3232286569568956,-4.593413011954016
57.33,-0.7801308767275807,-4.340206117399739
57.34,-0.2984089623676308,-4.089997222059845
57.35,-0.9226593071512383,-4.834292706571644
57.36,-0.334930890687985,-5.5794598873187855
57.370000000000005,-0.9416990232751271,-5.311732740199017
57.38,-0.3803168578577585,-5.513900899371462
57.39,-0.18729781803158607,-5.149609668015478
57.4,-1.744418663863333,-5.193508326118277
57.410000000000004,-0.48507488848778846,-4.270138234655668
57.42,-1.138462245714989,-4.659121748233438
57.43,-0.8289560775343661,-4.850559680142228
57.44,-0.5650645746698248,-4.916715390266377
57.45,-0.8534180632053439,-5.3193230694885
57.46,0.20320472010853896,-5.025138204430036
57.47,-0.8321169340462182,-5.211192327352404
57.480000000000004,-0.0022635284528640387,-4.189060391396779
57.49,-1.086225872544174,-4.002104523139395
57.5,-0.3355215390896828,-3.702601851338078
57.51,0.011000703241745818,-3.4676859248410596
57.52,0.027468251952220357,-3.867714374471435
57.53,0.34903342431922024,-3.341946056885882
57.54,0.3289519694535324,-4.029372875664657
57.550000000000004,1.3294435053862501,-2.592852020657092
57.56,0.0919500769205841,-2.7780163660733224
57.57,0.1836051543295224,-3.2085989649212445
57.58,0.7302958618528648,-1.976556742271566
57.59,0.6792514248576165,-2.477556685608373
57.6,-0.055818398261856306,-1.7795778419239827
57.61,0.8342294278781914,-2.5040573271544115
57.620000000000005,0.5269841279184676,-2.5142484840946224
57.63,0.8698469002189971,-2.7369287088376986
57.64,1.5317558107877856,-2.840382669134148
57.65,0.9187270167600063,-3.1121148812677566
57.660000000000004,1.077064373987336,-3.2472801186456
57.67,0.6325503419524948,-2.5132936807459516
57.68,1.8515240628035035,-2.8476310913325995
57.69,0.9963818372277143,-3.1214633420966615
57.7,0.2646534578087458,-3.5543166287793166
57.71,0.9978868841144404,-2.4120777225115084
57.72,1.0703152808022547,-2.9805612224038187
57.730000000000004,0.167017927971916,-3.213315998657832
57.74,0.9644949911341182,-3.874473045364525
57.75,-0.030672743788511703,-3.892180418722606
57.76,-1.085078364382721,-4.0293591564498294
57.77,-0.15255623295490817,-4.8342061545532165
57.78,0.03345869629849283,-4.986379791736137
57.79,-1.0288855848324916,-3.8699784693222483
57.800000000000004,-0.22874379424184227,-4.9956435217580495
57.81,-0.5284897422460908,-5.118475600947471
57.82,-0.7451422179716868,-5.370344289618596
57.83,-0.8408345116790544,-5.41672396381327
57.84,-1.4735391951514378,-5.519004100925997
57.85,-1.4250269299341178,-5.996180617780914
57.86,-1.8181329613541766,-6.154618982354179
57.870000000000005,-1.265559245489226,-5.115758368354286
57.88,-2.1889330309337214,-5.168771544493752
57.89,-2.3779718378624333,-5.751995137431141
57.9,-2.9691427567234294,-4.587951676057857
57.910000000000004,-2.9372259246996837,-5.0366096444309605
57.92,-1.6847823307455676,-5.739707272280482
57.93,-2.9707579986909187,-4.711718227019987
57.94,-2.6992181268593622,-4.47518881517677
57.95,-3.594989168823816,-5.674970104349237
57.96,-3.181454984130497,-4.911026295164834
57.97,-3.5840947333189725,-4.717666786228262
57.980000000000004,-3.868122982476469,-3.7813255786840623
57.99,-4.355430521667619,-5.037668840746774
58.0,-3.759727516598787,-3.7019544276971885
58.01,-4.031488144936287,-3.933553336869682
58.02,-4.111838011747618,-3.8067300704888467
58.03,-3.749651674966476,-3.5537309329513223
58.04,-5.24409528038384,-2.2723595618974497
58.050000000000004,-5.605335798916671,-2.9377856269504976
58.06,-4.784520565534589,-2.7478356704799105
58.07,-5.2138735689351385,-2.2418866995942817
58.08,-5.123823850914635,-2.72114656321281
58.09,-5.714211513414025,-2.4898302850934217
58.1,-5.919296414798991,-1.9886176230761066
58.11,-5.664339573175427,-1.4624084740412018
58.120000000000005,-5.904391150441027,-2.7328512514326584
58.13,-6.003922007619035,-2.0203951661850734
58.14,-5.9586281271559525,-2.7368039500449415
58.15,-6.241595425423102,-1.8863706267365685
58.160000000000004,-5.654193785793102,-2.4748581186144887
58.17,-5.7624042880848165,-2.9712557538310054
58.18,-5.838995768997434,-2.455578119528839
58.19,-5.5691442301498215,-2.1208871048535283
58.2,-5.797930377781137,-2.728228954944941
58.21,-5.892279172679455,-2.406998389597221
58.22,-4.999835213377471,-3.1124536511236727
58.230000000000004,-5.984456375280686,-2.7500582677526144
58.24,-4.919455361763533,-3.9882886332856127
58.25,-4.408987494353994,-2.3065940742670445
58.26,-4.4233029146602,-3.9968724879975555
58.27,-5.396414550370715,-3.9646509489983073
58.28,-5.274999378287152,-4.16659559164446
58.29,-3.995742231434925,-4.5831624051272675
58.300000000000004,-4.235918013421984,-4.853638280179812
58.31,-3.835410979645029,-5.093975399376168
58.32,-4.505332071543158,-4.9825834925352295
58.33,-5.5578937257754575,-3.864753024173831
58.34,-4.732666171278047,-4.677702803272089
58.35,-4.626967687260482,-5.100882036021474
58.36,-3.832676091125789,-4.3559834441345515
58.370000000000005,-4.258039276779423,-4.926642347868158
58.38,-3.489325368742405,-5.599528722281593
58.39,-3.983916427019049,-4.835184772726909
58.4,-3.172135413758898,-5.053281393076628
58.410000000000004,-4.286505775372371,-4.781368739070103
58.42,-3.1239831046151187,-4.102553403899915
58.43,-3.783081784101906,-5.074177945457236
58.44,-2.9716537223505384,-4.428404957059317
58.45,-2.4278210679793366,-4.597507422209211
58.46,-2.8221741322886977,-3.9980997612122815
58.47,-2.740722853948715,-2.8877917228444234
58.480000000000004,-2.647833191967212,-3.934898478232941
58.49,-3.256756394292445,-3.3867455149876866
58.5,-3.625007427003996,-2.671863063491099
58.51,-2.616674362900598,-3.2633276659117865
58.52,-2.8492252470937176,-2.290405935377952
58.53,-1.9045586242065404,-2.6872117636229653
58.54,-3.6635699022065884,-2.5386637713989377
58.550000000000004,-2.694548367005886,-2.023271847200299
58.56,-2.1348048597883924,-1.482611907568581
58.57,-2.7561987599462014,-1.5887212403223891
58.58,-2.978400172710819,-1.5267305112471068
58.59,-3.7705364899702105,-0.7801427487216042
58.6,-3.170902480152685,-1.42017136798406
58.61,-3.3905165228068066,-2.265364540622849
58.620000000000005,-4.008585688637443,-0.8073283828292308
58.63,-2.812594706713626,-1.6060196817553525
58.64,-3.5319094834687936,-1.234921702801991
58.65,-3.6568028370829073,-1.572543095766726
58.660000000000004,-3.2224186747672645,-2.2191343483204413
58.67,-4.425219501800109,-1.4121350348604862
58.68,-4.130565921633759,-0.7627867169212816
58.69,-4.326075400913104,-1.7423947743588146
58.7,-3.6934254546415284,-2.3986814657498416
58.71,-4.73532296633602,-1.73259417484961
58.72,-4.574842628846086,-2.2883820997287145
58.730000000000004,-4.644518890769488,-2.235701713129
58.74,-4.004715376125622,-1.4684085119274668
58.75,-5.642094779395736,-2.2987213568784357
58.76,-4.851181656149938,-2.2210922749484396
58.77,-5.938117909466688,-2.4983168690014432
58.78,-5.017224683066878,-3.318174457341306
58.79,-5.823267536426397,-3.737738811894753
58.800000000000004,-5.026729129319945,-2.7213571652019524
58.81,-5.71355685555715,-3.5981458043765113
58.82,-7.07212450057271,-3.960659423871298
58.83,-6.213707392649445,-3.5337180602887277
58.84,-7.114936849041606,-3.3293684048419028
58.85,-4.960511222949425,-3.4175518160203726
58.86,-5.994548901407515,-3.6606022221636336
58.870000000000005,-5.953931172538859,-3.4018446518623606
58.88,-7.08551852472797,-2.6391155863681885
58.89,-6.291981715335628,-3.587007471086318
58.9,-6.6898340145672215,-2.9467839259066184
58.910000000000004,-6.106371799577524,-2.554409255009199
58.92,-6.530866864277205,-3.4189854805536073
58.93,-6.979410505302796,-2.076383491179953
58.94,-6.507792635045455,-2.220164506161555
58.95,-6.733679918945828,-2.4214718917740488
58.96,-6.6185709419823135,-2.452482504039262
58.97,-7.080098577939761,-2.325758254184701
58.980000000000004,-7.4415282590311085,-1.6592696075534963
58.99,-6.3680974125377166,-2.097180293782687
59.0,-6.567783136054066,-2.2068727045399372
59.01,-7.139761266614612,-2.6805707608702507
59.02,-6.5439457396900105,-1.1824125271551456
59.03,-7.571728571368559,-1.3624859917288683
59.04,-6.308607512383067,-0.8122737862418701
59.050000000000004,-5.691377898640223,-0.6213131640947351
59.06,-5.73585487957828,-0.5057042431482475
59.07,-6.2760394388214475,0.28537147945560615
59.08,-5.665070646153072,-0.4342753288422164
59.09,-5.6955926144558235,-0.47603759917309385
59.1,-4.721062363526293,0.4146668513218234
59.11,-5.229390464853973,1.3410525542181329
59.120000000000005,-5.2331149327401105,-0.011279977964270493
59.13,-6.0861517889899845,0.8194962709647065
59.14,-4.947499383177502,0.3198148937339247
59.15,-4.53235770506187,-0.10453213982362247
59.160000000000004,-4.481144600541447,0.2593839510005336
59.17,-3.9852195412791147,0.9069477196068854
59.18,-3.7174183658068016,-0.5861962445950425
59.19,-4.052857407306794,-0.11567759702075131
59.2,-3.2120542720673595,0.17078150151640326
59.21,-3.7592219816295973,-0.17320033141872776
59.22,-3.107800855114136,0.40554026595435266
59.230000000000004,-3.7720324907179155,-0.7275322195765521
59.24,-3.3832774779536448,-1.0494101461756153
59.25,-2.642774787452187,-0.7924284185645326
59.26,-2.5334550643054916,-1.287286477051623
59.27,-2.3070317673427034,-2.2279332711590563
59.28,-1.9302392354915157,-1.5160589537105356
59.29,-2.0070114899706315,-1.4607549896848342
59.300000000000004,-2.3025670503739715,-1.6430980803809947
59.31,-1.4243925724484758,-1.636666953421752
59.32,-1.9018282643631628,-1.8949206550055862
59.33,-1.824627449041752,-1.4414274464221806
59.34,-2.1758306709984363,-1.882924287230528
59.35,-1.5307371073726816,-2.129765123651868
59.36,-1.5110103467006741,-2.1400657317769296
59.370000000000005,-1.7123832782135464,-2.2675625817443588
59.38,-2.2152446004032753,-1.677607751913083
59.39,-1.7718960308668366,-1.7962004502647428
59.4,-1.6915123733066086,-1.5131027732733482
59.410000000000004,-1.9588718151918405,-1.8066868227917503
59.42,-1.7588638979320963,-1.6388677397810867
59.43,-0.7380579143679137,-1.1218290122756633
59.44,-2.440135879265586,-2.1134665237131243
59.45,-1.2199406626281863,-0.9957700620272742
59.46,-1.9066743359835923,-1.6483045427691791
59.47,-2.292705089545549,-0.5184473291099058
59.480000000000004,-2.1161040602600645,-0.3127333168367929
59.49,-1.0972411516835372,0.4260685699153006
59.5,-1.7480390096097111,0.8174966556262733
59.51,-2.212649845328441,0.08044224661205285
59.52,-2.447690568069042,0.5584279885733932
59.53,-1.9546685953490912,0.47754256945971224
59.54,-2.9521064763527525,1.049237388824062
59.550000000000004,-2.027443383823565,1.2892622895750334
59.56,-2.398249143534348,0.8369223992603929
59.57,-2.268135147167979,1.5971578606974242
59.58,-2.3666622889252875,2.515028619671779
59.59,-2.9890829232706952,2.774660993070971
59.6,-2.538471657957256,1.9908207270606735
59.61,-3.57115910675606,2.139873070249489
59.620000000000005,-2.885552646731582,2.1420674736846594
59.63,-2.3278658945025548,1.9626841412223195
59.64,-2.926979956714782,2.4746478788187476
59.65,-3.6681960178381563,1.4793340886480144
59.660000000000004,-3.427836159950289,2.1818658345381485
59.67,-2.6256337249637163,2.074214371247085
59.68,-3.1065715530041085,2.207544576772814
59.69,-3.4620827947990476,2.2420535549586087
59.7,-3.6700885231717133,1.865241232225145
59.71,-4.495807778426009,2.0123198824554605
59.72,-4.042364451728393,1.5335544276892548
59.730000000000004,-3.088013720969393,1.5007098945659427
59.74,-2.583177329178392,1.0628228836561484
59.75,-3.4766931784622286,1.0461853100628824
59.76,-4.336116724680339,1.0181159622241973
59.77,-3.795306825551751,1.5083919303274507
59.78,-3.7621717906320513,1.094275784639628
59.79,-3.5804891388795754,0.7196909087032556
59.800000000000004,-3.1139116862934335,0.9168578396252298
59.81,-3.139854349371665,0.5939650503364462
59.82,-3.02944701909746,1.160064703453462
59.83,-2.4555084484721954,-1.0353079297560581
59.84,-3.4812919230766735,0.40177871408204546
59.85,-2.9936552912554446,0.0024856065794442023
59.86,-2.36151665993618,0.8263017687642411
59.870000000000005,-2.0518331155395426,-0.11814035016044182
59.88,-1.9538331106257851,-0.17775512448812142
59.89,-2.1720685108824593,-0.3578987914034813
59.9,-1.4174558892225328,-0.00875063114636171
59.910000000000004,-1.2120210517340146,0.23670392756950753
59.92,-0.6769860911279509,0.2990011057655576
59.93,-1.1538681624011136,0.8918884466879778
59.94,-1.442358585838419,1.0174445351555286
59.95,-1.1733330914272795,0.575988831973647
59.96,-1.0610725262716818,1.0479865898362395
59.97,-0.6300375545805119,1.1004453957260494
59.980000000000004,-0.5912551308070981,1.5574934402556981
59.99,-0.5866945466347149,0.9142510608701725
